,hellinger dist kdf,hellinger dist rf,error kdf,error rf,sample
0,0.1775371893613422,0.25209783757769777,0.476,0.42300000000000004,10
1,0.3371959513689621,0.29571687817190895,0.44299999999999995,0.514,10
2,0.2136309011736919,0.23460752265766446,0.481,0.379,10
3,0.2777342124914922,0.273222024201224,0.548,0.552,10
4,0.2341997038926704,0.28693632933820606,0.496,0.502,10
5,0.22699188616482602,0.23599458337808318,0.5,0.474,10
6,0.3320550934948839,0.16513979521369954,0.5820000000000001,0.44599999999999995,10
7,0.1776603696385392,0.29880790989556466,0.49,0.45099999999999996,10
8,0.16673374892274628,0.18994591764890711,0.46199999999999997,0.492,10
9,0.2988312016002017,0.24350877791569409,0.498,0.43300000000000005,10
10,0.27550871044210373,0.23955408512729542,0.42700000000000005,0.41700000000000004,10
11,0.18969574878082235,0.19709748112151804,0.511,0.44399999999999995,10
12,0.20647479447681713,0.18893298939438644,0.44199999999999995,0.42600000000000005,10
13,0.23507695915437976,0.3021389393790445,0.515,0.486,10
14,0.21420964107283127,0.2577756056194649,0.46499999999999997,0.484,10
15,0.21620437306047002,0.21229683658027979,0.42700000000000005,0.43200000000000005,10
16,0.2050961059464377,0.43094814842083323,0.5840000000000001,0.471,10
17,0.37145744691358573,0.25863586506582936,0.45999999999999996,0.403,10
18,0.18011893597127795,0.1923771626283147,0.46299999999999997,0.405,10
19,0.19113180504487418,0.2644068020211228,0.587,0.44899999999999995,10
20,0.2217930081873331,0.34884153303907217,0.497,0.527,10
21,0.2758465554766643,0.1809183045155012,0.392,0.505,10
22,0.19265587591657213,0.2440999019159789,0.479,0.404,10
23,0.2362552378809894,0.26468038015691686,0.479,0.55,10
24,0.24161963816946563,0.16441384669981468,0.46199999999999997,0.43400000000000005,10
25,0.23560679130497456,0.15806301780698462,0.544,0.42000000000000004,10
26,0.19588074105025996,0.1724775823401724,0.503,0.43999999999999995,10
27,0.18601027124561928,0.2229965590821154,0.377,0.469,10
28,0.22145130723851786,0.2178743699531015,0.485,0.469,10
29,0.32151468293319846,0.34411595073290535,0.406,0.505,10
30,0.198515613016164,0.22985530168833385,0.501,0.52,10
31,0.180239078208531,0.2504873403919587,0.508,0.47,10
32,0.2251051182708238,0.1912468135376196,0.506,0.44799999999999995,10
33,0.38259955704061877,0.2036028913992523,0.46099999999999997,0.478,10
34,0.18645324200851002,0.2241659595020488,0.44699999999999995,0.505,10
35,0.3224713912278886,0.21517992486425447,0.402,0.46499999999999997,10
36,0.18355987439569424,0.2579746789182941,0.515,0.45999999999999996,10
37,0.3048048192441824,0.23827870751614713,0.569,0.5,10
38,0.26130627444088006,0.16893047703336442,0.45499999999999996,0.41600000000000004,10
39,0.1794565816678855,0.20715731022051032,0.475,0.40800000000000003,10
40,0.19914507000294343,0.210165969607242,0.44599999999999995,0.43200000000000005,10
41,0.3562491554565961,0.1531383813103774,0.529,0.43200000000000005,10
42,0.3781351259218299,0.2421289279581893,0.42600000000000005,0.45499999999999996,10
43,0.300049780646696,0.1794242566729937,0.479,0.45399999999999996,10
44,0.2000408332812896,0.22162998411567486,0.406,0.44799999999999995,10
45,0.21166831948002313,0.42417736236331427,0.42500000000000004,0.482,10
46,0.17268108674188923,0.1903420023389926,0.46699999999999997,0.44499999999999995,10
47,0.2550878829873102,0.15656274395966696,0.526,0.41900000000000004,10
48,0.17195591919915182,0.21148581661377802,0.498,0.473,10
49,0.25052022484328196,0.16634425580509296,0.507,0.4,10
50,0.19788160696273388,0.253657124905879,0.505,0.45399999999999996,10
51,0.22010720450748933,0.1480659997380954,0.41600000000000004,0.43999999999999995,10
52,0.19074038508651625,0.27450680427457697,0.41200000000000003,0.499,10
53,0.2765215820899618,0.2393313454151193,0.497,0.527,10
54,0.2155485145638967,0.2452253895740789,0.494,0.389,10
55,0.205439016438743,0.23126017389703257,0.45599999999999996,0.513,10
56,0.21764014166616724,0.3864195425355559,0.546,0.514,10
57,0.1758909613859477,0.2820288258865283,0.531,0.45899999999999996,10
58,0.24227690477078198,0.2829687105552479,0.401,0.542,10
59,0.2098065171770489,0.20804238717926493,0.504,0.45199999999999996,10
60,0.18057248447981786,0.20588145544797212,0.494,0.5,10
61,0.3540545105207566,0.21552000802720256,0.516,0.48,10
62,0.3119230471913036,0.22250174504914885,0.44099999999999995,0.479,10
63,0.18345864553007987,0.3350895074702481,0.43700000000000006,0.518,10
64,0.2690999357590811,0.2003519004616328,0.41500000000000004,0.44699999999999995,10
65,0.19044802670546007,0.15912653404605356,0.498,0.4,10
66,0.29884390337135947,0.23756523241696204,0.484,0.46099999999999997,10
67,0.3948949941550683,0.21640928238010268,0.44899999999999995,0.504,10
68,0.22402174108133563,0.2212103509605123,0.479,0.45399999999999996,10
69,0.2765292267535979,0.21219648252742324,0.41600000000000004,0.41300000000000003,10
70,0.20358535563697694,0.2145569026425839,0.5329999999999999,0.41500000000000004,10
71,0.1849161072928518,0.19335383653851237,0.45699999999999996,0.477,10
72,0.258653527303089,0.30378311913172534,0.512,0.469,10
73,0.20237835478242794,0.28252569153578,0.43500000000000005,0.46099999999999997,10
74,0.4295647777430852,0.18371950108159088,0.45199999999999996,0.46599999999999997,10
75,0.21979156361194843,0.18130164387936287,0.548,0.4,10
76,0.19401771022982328,0.17697772107167223,0.394,0.41800000000000004,10
77,0.2024477336733136,0.23074119789902398,0.478,0.483,10
78,0.1831636897335477,0.22011480062745728,0.45099999999999996,0.42000000000000004,10
79,0.209519500507157,0.2007007759053199,0.48,0.525,10
80,0.23818617885993315,0.2730959196703522,0.523,0.527,10
81,0.20251569127903377,0.16876100370857852,0.495,0.388,10
82,0.21374702774089632,0.2244943226604183,0.479,0.46299999999999997,10
83,0.20413366370760114,0.30024796939790255,0.46499999999999997,0.577,10
84,0.28073396267132666,0.16625980728847753,0.45199999999999996,0.42500000000000004,10
85,0.24506462016822483,0.21781637129534934,0.485,0.42500000000000004,10
86,0.20094348231386513,0.19777501833506836,0.45099999999999996,0.41700000000000004,10
87,0.20914962490628355,0.16677667296912774,0.42800000000000005,0.40700000000000003,10
88,0.20899909494047203,0.18648067195241896,0.391,0.40800000000000003,10
89,0.5354252104572337,0.26921272710585725,0.474,0.41500000000000004,10
90,0.21920854105771345,0.2482634719215972,0.517,0.4,10
91,0.20294584264880228,0.20411260162799982,0.505,0.51,10
92,0.20311377641138217,0.16436972338609232,0.483,0.45999999999999996,10
93,0.18748207440390163,0.2937318206758511,0.501,0.503,10
94,0.38775384250910766,0.1720091766321437,0.483,0.45999999999999996,10
95,0.2052077558482609,0.19029430271975056,0.5349999999999999,0.394,10
96,0.1871879187470788,0.247640792250596,0.487,0.474,10
97,0.33860547377379024,0.22645920337459752,0.402,0.46199999999999997,10
98,0.2295721445790777,0.24340809890639672,0.5469999999999999,0.45699999999999996,10
99,0.3057245035207762,0.23305167702417157,0.522,0.488,10
100,0.20942367254134056,0.22397929224137,0.43999999999999995,0.42100000000000004,19
101,0.22752151317925395,0.17511102858485997,0.40700000000000003,0.46399999999999997,19
102,0.16307852393430744,0.1830232763998329,0.43100000000000005,0.46099999999999997,19
103,0.1877093357177697,0.15950651509934294,0.504,0.377,19
104,0.1865650986828274,0.17288952740534802,0.5860000000000001,0.44599999999999995,19
105,0.1902321725458944,0.16080084501676178,0.524,0.354,19
106,0.16301057575798347,0.15448207058456195,0.494,0.404,19
107,0.1585465742114144,0.19960240883992683,0.44699999999999995,0.398,19
108,0.17437678241578278,0.18179629842869624,0.51,0.46799999999999997,19
109,0.18320467250375339,0.21306993653362444,0.46499999999999997,0.379,19
110,0.215787208328039,0.19995467502360414,0.486,0.45499999999999996,19
111,0.3454185760039555,0.18475287486015143,0.501,0.41700000000000004,19
112,0.15193662262522342,0.19660470717602258,0.383,0.45799999999999996,19
113,0.236253429628924,0.26641511149568875,0.512,0.475,19
114,0.19822185454784838,0.21421529865218564,0.43899999999999995,0.401,19
115,0.1910677377963562,0.2865595640488235,0.515,0.44399999999999995,19
116,0.17994229023454128,0.1913551266238022,0.491,0.401,19
117,0.17826559501507455,0.2725676799931515,0.478,0.501,19
118,0.2221407562503105,0.1807070510673837,0.526,0.41000000000000003,19
119,0.17679507513275955,0.1628562892695399,0.501,0.372,19
120,0.1698735251901685,0.17708722734604176,0.511,0.41300000000000003,19
121,0.17779599367971555,0.21901862616966344,0.5369999999999999,0.44499999999999995,19
122,0.20472857576737757,0.27537072770223436,0.40800000000000003,0.478,19
123,0.22427786753314174,0.13270914790987906,0.517,0.34099999999999997,19
124,0.2392548287036481,0.24838385233336002,0.531,0.45599999999999996,19
125,0.20634244241783328,0.22678346814508848,0.534,0.43200000000000005,19
126,0.22398396812585042,0.23875251467114336,0.5469999999999999,0.45799999999999996,19
127,0.18450468572126374,0.2346712384449811,0.482,0.43500000000000005,19
128,0.20523054391566736,0.1922954764342632,0.503,0.41900000000000004,19
129,0.2365320192788378,0.22299369593517535,0.389,0.393,19
130,0.21249866826631067,0.1543282103551364,0.484,0.371,19
131,0.18320884942721455,0.13337280240772478,0.486,0.396,19
132,0.1818538344670858,0.1729843227743885,0.43000000000000005,0.43799999999999994,19
133,0.1722639020731775,0.16025150147830183,0.504,0.43899999999999995,19
134,0.24167636572330212,0.20556492507548577,0.502,0.46699999999999997,19
135,0.19073256720046328,0.22894987881725865,0.43300000000000005,0.46199999999999997,19
136,0.2108269619113026,0.2975936611339658,0.41400000000000003,0.482,19
137,0.19665041998024801,0.17183462009169503,0.488,0.41300000000000003,19
138,0.2373766483284791,0.14189025378525622,0.43000000000000005,0.388,19
139,0.20734909884242803,0.180718924603698,0.515,0.41900000000000004,19
140,0.1796190226931582,0.14315219777628027,0.538,0.364,19
141,0.2048156812894735,0.17376088871085688,0.614,0.43600000000000005,19
142,0.1747795732296969,0.19376939324391668,0.504,0.42600000000000005,19
143,0.18963921827463948,0.21776510167251475,0.44099999999999995,0.43999999999999995,19
144,0.18102315339464192,0.16185927130384767,0.565,0.386,19
145,0.17517236427046734,0.17347792350537594,0.469,0.473,19
146,0.18719542645313653,0.1661286191443272,0.473,0.379,19
147,0.1970842421506521,0.16228876008944942,0.492,0.34099999999999997,19
148,0.16362703926266006,0.18893892557338132,0.503,0.43300000000000005,19
149,0.2421541340871952,0.16608230200115878,0.507,0.43500000000000005,19
150,0.1683201501835543,0.17553860253773593,0.482,0.30400000000000005,19
151,0.19027324039612545,0.12257134515220078,0.43100000000000005,0.31299999999999994,19
152,0.17959819297658525,0.2823854941679284,0.45099999999999996,0.43999999999999995,19
153,0.17128439209163612,0.2258418799860667,0.487,0.486,19
154,0.17340704188508563,0.18081875657378735,0.4,0.389,19
155,0.17259747191534133,0.2383625965757859,0.571,0.5329999999999999,19
156,0.1695848036693464,0.21649404286134252,0.505,0.45499999999999996,19
157,0.21869932512742443,0.2554597563544264,0.513,0.5880000000000001,19
158,0.16475539035944692,0.18692130542061558,0.42600000000000005,0.492,19
159,0.17063254175600423,0.22289080149561363,0.44199999999999995,0.45499999999999996,19
160,0.2094230096303264,0.21278799391820705,0.52,0.40700000000000003,19
161,0.20850857492813216,0.14382111361833738,0.517,0.36,19
162,0.17592466140623217,0.18885614046179042,0.43200000000000005,0.41400000000000003,19
163,0.18749933023134296,0.15615595002584093,0.43500000000000005,0.405,19
164,0.1749030640730306,0.19388995766668105,0.601,0.45799999999999996,19
165,0.16708854059097056,0.22671690651318926,0.497,0.46499999999999997,19
166,0.1842671795164676,0.1898493178937833,0.46099999999999997,0.43500000000000005,19
167,0.17872519584990662,0.1903526114410237,0.511,0.385,19
168,0.21705349528350892,0.14282043600786906,0.514,0.37,19
169,0.21459426667573817,0.19287028327178282,0.46099999999999997,0.45199999999999996,19
170,0.23062748589461676,0.19749946456397222,0.5780000000000001,0.48,19
171,0.18708384021976837,0.39765306743882906,0.487,0.489,19
172,0.2527487724971893,0.25875069829729547,0.594,0.476,19
173,0.16918426509619916,0.1887445486079843,0.523,0.43100000000000005,19
174,0.15667317215265728,0.17889668390477895,0.43300000000000005,0.43400000000000005,19
175,0.19904614864855613,0.22480438148610493,0.43500000000000005,0.5,19
176,0.1897806988730016,0.1966300290257943,0.5,0.385,19
177,0.24481437424029134,0.1592013605692268,0.40700000000000003,0.397,19
178,0.22537924249499314,0.2744683224715996,0.43799999999999994,0.44099999999999995,19
179,0.20904426666242645,0.13335882127598037,0.477,0.356,19
180,0.16774812089483274,0.23419255571771402,0.45399999999999996,0.477,19
181,0.1871901572108916,0.35247644142699625,0.481,0.515,19
182,0.20059086669149184,0.2018529766674272,0.487,0.44399999999999995,19
183,0.18098398237281568,0.14433218821444607,0.478,0.375,19
184,0.21158700300568561,0.1605457987765266,0.486,0.41400000000000003,19
185,0.1713905162682968,0.2839770635502573,0.46599999999999997,0.43300000000000005,19
186,0.18024314055736082,0.17342472330061934,0.515,0.41800000000000004,19
187,0.1720124215424055,0.2107665897922966,0.528,0.42000000000000004,19
188,0.23531593171603243,0.19727519239329117,0.45399999999999996,0.41000000000000003,19
189,0.20094689342798489,0.21568667144981088,0.477,0.48,19
190,0.17525340794953134,0.19189385424114835,0.5449999999999999,0.46599999999999997,19
191,0.17410979052464523,0.19874079915015636,0.43400000000000005,0.40700000000000003,19
192,0.1814817710777585,0.27355172201764233,0.44399999999999995,0.44299999999999995,19
193,0.2126506786385628,0.1770810789017061,0.534,0.40800000000000003,19
194,0.15886234723750947,0.18263293282553617,0.527,0.45099999999999996,19
195,0.17886383476207954,0.16775327643660784,0.565,0.391,19
196,0.186968337719398,0.19942044187858982,0.49,0.46099999999999997,19
197,0.24016049238052933,0.209558585367977,0.504,0.42900000000000005,19
198,0.23195664377451164,0.16027934723486711,0.42800000000000005,0.382,19
199,0.17406884634024028,0.2187114355323734,0.494,0.44499999999999995,19
200,0.1630070897098331,0.1367724018243551,0.517,0.29300000000000004,39
201,0.14185537372357232,0.19083246310280955,0.393,0.344,39
202,0.16030617794026542,0.16190788744623005,0.361,0.384,39
203,0.12893106000281118,0.15698601659409647,0.30800000000000005,0.399,39
204,0.1376771403401154,0.13765761782109123,0.384,0.379,39
205,0.15581804945509029,0.17505431706931476,0.41600000000000004,0.362,39
206,0.19144619646681693,0.15836832851919203,0.526,0.29600000000000004,39
207,0.13750886377809965,0.14520547386113203,0.45299999999999996,0.41200000000000003,39
208,0.16386896438422757,0.16238634465194174,0.41300000000000003,0.392,39
209,0.13931559454383513,0.11099420725737097,0.32899999999999996,0.33999999999999997,39
210,0.15093048930492223,0.1317979525270153,0.46499999999999997,0.33199999999999996,39
211,0.15200471769664653,0.2202409758749017,0.401,0.42900000000000005,39
212,0.16741574638239784,0.1673754687175101,0.46499999999999997,0.355,39
213,0.15100620371865367,0.1306051557009577,0.46499999999999997,0.349,39
214,0.19686030192070894,0.173017600231622,0.42900000000000005,0.392,39
215,0.11948623395432265,0.1387581350412244,0.399,0.32599999999999996,39
216,0.14877468298480667,0.1192908484101695,0.42400000000000004,0.32199999999999995,39
217,0.15361015265321554,0.15517348364527134,0.482,0.32999999999999996,39
218,0.15431323378172776,0.16806713861146616,0.44499999999999995,0.32299999999999995,39
219,0.17567396307587105,0.23398829619929773,0.42500000000000004,0.43799999999999994,39
220,0.1613463991198506,0.17520392163978538,0.42100000000000004,0.42200000000000004,39
221,0.17731250816713354,0.2037123874597409,0.41200000000000003,0.383,39
222,0.15435957121286997,0.16103083355354625,0.44599999999999995,0.377,39
223,0.1376689703691925,0.1607825574853998,0.42300000000000004,0.372,39
224,0.1972305377526028,0.13439602980130988,0.44699999999999995,0.34299999999999997,39
225,0.17485751963497898,0.20760437366451426,0.478,0.45999999999999996,39
226,0.13433719876596792,0.15533914449970965,0.357,0.377,39
227,0.12905269538895578,0.18012021083725452,0.369,0.403,39
228,0.1421634302642496,0.14873660322681895,0.382,0.359,39
229,0.12769044623077194,0.16014734464199543,0.346,0.33499999999999996,39
230,0.16269960796185454,0.17586092726945723,0.479,0.349,39
231,0.14501617296622998,0.18183428237641192,0.391,0.364,39
232,0.20794760677684454,0.14548858250075802,0.46599999999999997,0.354,39
233,0.16275019620916387,0.16797908810590434,0.42000000000000004,0.381,39
234,0.13567981011423383,0.13673775319444306,0.392,0.35,39
235,0.13680702138712428,0.1547196962136479,0.31000000000000005,0.369,39
236,0.15416139617936497,0.18951325156252888,0.509,0.395,39
237,0.14473306702841082,0.17543429932149146,0.46799999999999997,0.383,39
238,0.16530492596643528,0.11837881760555673,0.405,0.31299999999999994,39
239,0.1424050963310608,0.13418763952301718,0.396,0.30700000000000005,39
240,0.18173168939267212,0.17618553931967681,0.46699999999999997,0.398,39
241,0.13914503031603248,0.22089256970149965,0.44799999999999995,0.481,39
242,0.15717341274718677,0.19622114790046113,0.45999999999999996,0.41800000000000004,39
243,0.15300768116001107,0.15009452135182416,0.44399999999999995,0.356,39
244,0.20630725614218895,0.17979104720558725,0.489,0.42500000000000004,39
245,0.14350561009036855,0.22847347643834653,0.42700000000000005,0.44399999999999995,39
246,0.14901165499635613,0.1647544284912821,0.45799999999999996,0.42100000000000004,39
247,0.16283635028270602,0.16467431544299502,0.41900000000000004,0.37,39
248,0.19399700775214837,0.15799127169973876,0.472,0.41100000000000003,39
249,0.14881755362563098,0.10113421590708668,0.45999999999999996,0.32999999999999996,39
250,0.15384601388462552,0.1726086346991011,0.46499999999999997,0.352,39
251,0.13878394942202885,0.16518061608037365,0.351,0.389,39
252,0.17364654184255934,0.16361287621273168,0.43799999999999994,0.41000000000000003,39
253,0.17569230293876353,0.1454681128719649,0.499,0.33199999999999996,39
254,0.14119091229813707,0.20704233776747238,0.386,0.43000000000000005,39
255,0.1458070783535607,0.15482513852350901,0.33799999999999997,0.397,39
256,0.12206906484891625,0.20158351953917894,0.31499999999999995,0.44199999999999995,39
257,0.22609164907910223,0.18197336339790776,0.45699999999999996,0.44099999999999995,39
258,0.10376768091026899,0.2048064367963339,0.346,0.43899999999999995,39
259,0.1674806733657246,0.14611978371847015,0.492,0.389,39
260,0.16845945159192552,0.15763111707606675,0.46199999999999997,0.373,39
261,0.14124364699073855,0.1369131175594612,0.397,0.362,39
262,0.1799644219715899,0.1591704476293115,0.46499999999999997,0.374,39
263,0.14428986235139982,0.1590480696471745,0.31899999999999995,0.403,39
264,0.144807085046119,0.1218827001426018,0.483,0.31000000000000005,39
265,0.17798992527972338,0.1500438911992839,0.499,0.349,39
266,0.17177503485964252,0.19583265451030213,0.512,0.42000000000000004,39
267,0.16379788584226074,0.19344685740454098,0.484,0.42000000000000004,39
268,0.1726392797718322,0.19400111794129252,0.43899999999999995,0.357,39
269,0.16259306555965056,0.1736133695696865,0.397,0.391,39
270,0.164675916076599,0.1460180499519768,0.474,0.31200000000000006,39
271,0.15507145874894798,0.12973730232977027,0.42400000000000004,0.347,39
272,0.18261416151927323,0.13720546196571687,0.489,0.394,39
273,0.13318579651551668,0.14716297944339374,0.403,0.378,39
274,0.1295291865225915,0.17009606412775663,0.395,0.39,39
275,0.16202655333921148,0.15930280312216608,0.40900000000000003,0.375,39
276,0.13091721349939892,0.18669938632877134,0.35,0.41800000000000004,39
277,0.15762236927428638,0.15103190200430477,0.44099999999999995,0.386,39
278,0.17548968692243322,0.17464782112826518,0.45899999999999996,0.393,39
279,0.14974560472673001,0.15756186133590874,0.403,0.352,39
280,0.1819856728869583,0.18797535838801707,0.5509999999999999,0.42500000000000004,39
281,0.16044074801432082,0.17827574130602591,0.44199999999999995,0.374,39
282,0.16861886048909291,0.17029612123189058,0.42200000000000004,0.375,39
283,0.1608502409017114,0.12348541467695663,0.5,0.32999999999999996,39
284,0.18491745133935772,0.12836756606790656,0.512,0.352,39
285,0.16191460354018075,0.21245696990322216,0.503,0.43200000000000005,39
286,0.13536969743741034,0.11547342832789292,0.361,0.33399999999999996,39
287,0.13391974272371523,0.17638143539864312,0.41100000000000003,0.402,39
288,0.14746887391584496,0.16777738213671783,0.33299999999999996,0.367,39
289,0.2108716242540214,0.13031764876686258,0.498,0.364,39
290,0.14870322258871113,0.18574421343521974,0.41500000000000004,0.389,39
291,0.17250070591228361,0.14734962505262617,0.41600000000000004,0.381,39
292,0.17695406641973127,0.21970807491425992,0.492,0.41900000000000004,39
293,0.15834911763985837,0.18907182246912854,0.43700000000000006,0.44399999999999995,39
294,0.15678852527090464,0.12747195959799382,0.44099999999999995,0.32199999999999995,39
295,0.17117957944105228,0.13517388882210032,0.45599999999999996,0.366,39
296,0.13864109765321336,0.167725471868284,0.346,0.42000000000000004,39
297,0.16804562985996083,0.10434556729591721,0.44699999999999995,0.269,39
298,0.16034413528561428,0.1271385206667234,0.42200000000000004,0.32699999999999996,39
299,0.2032002037922357,0.14556194611960105,0.392,0.377,39
300,0.13557078706307576,0.15206309306559262,0.352,0.353,79
301,0.13427302852631856,0.135135228282738,0.373,0.31999999999999995,79
302,0.13575642139640023,0.1541453055741499,0.32399999999999995,0.31299999999999994,79
303,0.11225561967248689,0.13262483455693885,0.30000000000000004,0.362,79
304,0.07311341916789363,0.12356041471140485,0.248,0.31999999999999995,79
305,0.11629809316323436,0.16925126504923624,0.32599999999999996,0.34299999999999997,79
306,0.09568577439437778,0.16482592746974695,0.28900000000000003,0.34199999999999997,79
307,0.08666982648037187,0.12780486304487582,0.28600000000000003,0.31899999999999995,79
308,0.1443653652337309,0.15024585932121878,0.377,0.33199999999999996,79
309,0.12147464843763789,0.10177934973464094,0.33399999999999996,0.33899999999999997,79
310,0.15366171838935544,0.14169925140707462,0.45099999999999996,0.35,79
311,0.1203176385466921,0.1584543618228628,0.31799999999999995,0.41200000000000003,79
312,0.08668997859101418,0.20574457968034807,0.30700000000000005,0.399,79
313,0.09977003666720365,0.15408346940815135,0.33599999999999997,0.37,79
314,0.08611276197064946,0.14882217276601145,0.356,0.349,79
315,0.0814990550396672,0.1480263788575237,0.31499999999999995,0.33099999999999996,79
316,0.09719175257220648,0.14373070245298214,0.33899999999999997,0.31100000000000005,79
317,0.07613630066143129,0.1444874435339617,0.28700000000000003,0.32599999999999996,79
318,0.09737034368369156,0.14273308364143286,0.29300000000000004,0.359,79
319,0.11303940252986945,0.13715835525425668,0.29300000000000004,0.33299999999999996,79
320,0.0869414369807628,0.11162073077943994,0.33799999999999997,0.29900000000000004,79
321,0.10932614696814766,0.16583397441739856,0.361,0.372,79
322,0.10851926711297055,0.14079553465771613,0.29500000000000004,0.386,79
323,0.135400627648547,0.12084339495512444,0.352,0.31999999999999995,79
324,0.0794268853046233,0.11578244630031724,0.28300000000000003,0.30800000000000005,79
325,0.07424321126110876,0.1500072525124323,0.28200000000000003,0.31499999999999995,79
326,0.06140733011228497,0.19976189013124132,0.30000000000000004,0.378,79
327,0.10838993700545932,0.14613273996796577,0.31200000000000006,0.362,79
328,0.11498348957027739,0.16710736754966965,0.367,0.378,79
329,0.0962861626463844,0.15184991588030658,0.31799999999999995,0.30300000000000005,79
330,0.1152602534584675,0.1492597986999643,0.30000000000000004,0.349,79
331,0.1109765703527547,0.1322360552629389,0.31000000000000005,0.31699999999999995,79
332,0.09218097451201882,0.14686611862181745,0.28700000000000003,0.33799999999999997,79
333,0.07710343515154819,0.13925568935010263,0.274,0.33799999999999997,79
334,0.09041806130646655,0.12910355508008506,0.28700000000000003,0.36,79
335,0.1124208194600949,0.14000067810439948,0.33399999999999996,0.345,79
336,0.08859839851400376,0.12354170509776076,0.28600000000000003,0.30500000000000005,79
337,0.08552581466186403,0.09543617677278117,0.32299999999999995,0.33499999999999996,79
338,0.08537058212712245,0.14318995162717912,0.272,0.373,79
339,0.07988114010764436,0.11912011780511607,0.30800000000000005,0.30200000000000005,79
340,0.1319399839397353,0.130477206727903,0.41300000000000003,0.29800000000000004,79
341,0.11059003595269924,0.15831261948016856,0.32699999999999996,0.369,79
342,0.09347852050571284,0.13636306679651328,0.29600000000000004,0.38,79
343,0.09413899093848113,0.17851890400754122,0.32399999999999995,0.346,79
344,0.10084735211942517,0.17718069576358095,0.29800000000000004,0.368,79
345,0.03453640252043156,0.12267566320416758,0.279,0.349,79
346,0.08180249429190788,0.1407320253140996,0.30500000000000005,0.32499999999999996,79
347,0.1391569040024987,0.13954077815397267,0.386,0.33699999999999997,79
348,0.1048697592014085,0.11201834728373572,0.31999999999999995,0.29900000000000004,79
349,0.11531536730241548,0.12548422980991672,0.31000000000000005,0.31200000000000006,79
350,0.10361647986204905,0.15482221270628166,0.32799999999999996,0.29700000000000004,79
351,0.0745063741276005,0.1223256512624327,0.31000000000000005,0.358,79
352,0.10959605020051347,0.13060618644128902,0.32199999999999995,0.31100000000000005,79
353,0.0902593517188694,0.13073587103656226,0.31899999999999995,0.373,79
354,0.0788705053979133,0.1483421567954255,0.33199999999999996,0.369,79
355,0.13024404593431851,0.11222160487916276,0.348,0.32799999999999996,79
356,0.0850290598560471,0.13599816049752741,0.30300000000000005,0.32499999999999996,79
357,0.08345457986442904,0.13924862078657446,0.31200000000000006,0.345,79
358,0.07765576370743255,0.15188332887761494,0.28800000000000003,0.30500000000000005,79
359,0.13851535897144318,0.21950471584046563,0.352,0.381,79
360,0.09844512930031615,0.13579822339498115,0.346,0.386,79
361,0.10284828532564631,0.16960572632499218,0.33099999999999996,0.348,79
362,0.10046179500628102,0.15959720134708102,0.30300000000000005,0.381,79
363,0.07624200962299302,0.1553344866850018,0.30800000000000005,0.377,79
364,0.08969009202223198,0.14071472902769286,0.31100000000000005,0.32099999999999995,79
365,0.10392907887855594,0.17165485805078656,0.31899999999999995,0.357,79
366,0.08266617427700346,0.15310775322769146,0.278,0.358,79
367,0.08832325835399955,0.13245180733261172,0.31399999999999995,0.358,79
368,0.12571954432140334,0.12461783837750065,0.41400000000000003,0.351,79
369,0.14726901019050107,0.158714370027531,0.394,0.38,79
370,0.08887373998578939,0.14860076650647258,0.31599999999999995,0.362,79
371,0.10523451333168193,0.1706213748378794,0.34199999999999997,0.33699999999999997,79
372,0.10717207970775089,0.17333431846170572,0.30300000000000005,0.386,79
373,0.09548617172301309,0.12632767986547283,0.29400000000000004,0.32699999999999996,79
374,0.12206773699038259,0.162149434119715,0.402,0.41000000000000003,79
375,0.10073771550781768,0.16964341102931585,0.30500000000000005,0.344,79
376,0.13080879642700147,0.1137442162648811,0.367,0.32099999999999995,79
377,0.08192346290551993,0.1343168929527502,0.30900000000000005,0.38,79
378,0.10772314839894102,0.10850769803896627,0.33299999999999996,0.32199999999999995,79
379,0.13597385395843087,0.1720027369118302,0.392,0.41400000000000003,79
380,0.10999336750244751,0.12870968007038858,0.33099999999999996,0.33899999999999997,79
381,0.11085133624369536,0.1343780773703086,0.30200000000000005,0.28400000000000003,79
382,0.09294939441304458,0.11707796238265294,0.274,0.32899999999999996,79
383,0.1289085487646601,0.1370219404672765,0.403,0.32099999999999995,79
384,0.11641110479706127,0.12583430467659693,0.32499999999999996,0.355,79
385,0.11257461194992703,0.1497935946843859,0.346,0.364,79
386,0.12461160699459349,0.1358451880459533,0.41500000000000004,0.31699999999999995,79
387,0.07936658172120391,0.1606940846857655,0.273,0.34199999999999997,79
388,0.15672166654929393,0.1144215933150148,0.41000000000000003,0.31200000000000006,79
389,0.09888474508353902,0.11175844680870654,0.32099999999999995,0.31599999999999995,79
390,0.09555084289832345,0.14373647256116417,0.28400000000000003,0.344,79
391,0.09521969137588657,0.14252443879846308,0.30900000000000005,0.392,79
392,0.08794200793304681,0.12382603717528211,0.31299999999999994,0.347,79
393,0.09736495965726909,0.10620443568874267,0.29100000000000004,0.28800000000000003,79
394,0.07058713181664523,0.12484667576793176,0.29000000000000004,0.365,79
395,0.10089619762274393,0.13129545610929638,0.31799999999999995,0.32999999999999996,79
396,0.07379709489253672,0.1501411095620633,0.31999999999999995,0.374,79
397,0.14367208580075788,0.15372344256086973,0.41900000000000004,0.37,79
398,0.10549870329344531,0.15970124593979743,0.33499999999999996,0.33099999999999996,79
399,0.09809265626023063,0.1361799926631971,0.28200000000000003,0.357,79
400,0.0742172703925768,0.12631363339046045,0.30700000000000005,0.31699999999999995,158
401,0.06642465778658041,0.13506106097416112,0.275,0.32899999999999996,158
402,0.05386239911279801,0.12407377801386754,0.268,0.30800000000000005,158
403,0.0691187714349531,0.13044527530904565,0.29400000000000004,0.31999999999999995,158
404,0.08863027555053139,0.1424814113546924,0.28,0.31299999999999994,158
405,0.08513579451379553,0.16583363304462048,0.31399999999999995,0.361,158
406,0.0515137219422729,0.13302533435078773,0.273,0.28800000000000003,158
407,0.048533292350163515,0.12219551235644668,0.30100000000000005,0.31399999999999995,158
408,0.03365194798873337,0.14096639059702948,0.255,0.31299999999999994,158
409,0.06701177970468311,0.11899384707742879,0.279,0.32099999999999995,158
410,0.05222036674050858,0.11530328917618074,0.271,0.31799999999999995,158
411,0.08723763679020446,0.1594762635905133,0.279,0.349,158
412,0.05223379749573964,0.13150904767386196,0.274,0.30700000000000005,158
413,0.058732997291579325,0.12324603991398672,0.28900000000000003,0.31899999999999995,158
414,0.04710807437648111,0.16066217862836793,0.274,0.368,158
415,0.07436196605876745,0.1237262478415597,0.28300000000000003,0.281,158
416,0.06777011567566768,0.11788576714407545,0.28900000000000003,0.34099999999999997,158
417,0.041333045791919494,0.1388129027810961,0.274,0.347,158
418,0.08872716075525042,0.12036174664249771,0.29400000000000004,0.33699999999999997,158
419,0.040626737275625324,0.1521944600792586,0.279,0.34099999999999997,158
420,0.0703413151478032,0.14108444896104166,0.31000000000000005,0.31699999999999995,158
421,0.06373824364079592,0.13554970831679963,0.29900000000000004,0.29400000000000004,158
422,0.05536399084615358,0.12927092423433076,0.268,0.32999999999999996,158
423,0.03991929034439139,0.1602827853191289,0.269,0.344,158
424,0.037188136312431244,0.13393209659273694,0.28300000000000003,0.33599999999999997,158
425,0.025230650900707214,0.1270630492696614,0.278,0.30800000000000005,158
426,0.056142598835802325,0.14869217554296726,0.30400000000000005,0.34299999999999997,158
427,0.05282514835268212,0.13114475373465367,0.271,0.32599999999999996,158
428,0.05359917731068031,0.12893259223459427,0.272,0.31100000000000005,158
429,0.08895855501103753,0.14302674025067857,0.30100000000000005,0.32899999999999996,158
430,0.06283415455352422,0.11975335130982304,0.29400000000000004,0.31000000000000005,158
431,0.03680250410023474,0.13307198567315412,0.268,0.33999999999999997,158
432,0.10434313001873749,0.13197134872916444,0.33299999999999996,0.32399999999999995,158
433,0.06655730911926296,0.11416129224024348,0.29500000000000004,0.34199999999999997,158
434,0.0624399718507569,0.1341215284599242,0.29500000000000004,0.33299999999999996,158
435,0.05034909684507811,0.11353912721251708,0.267,0.30700000000000005,158
436,0.07319527450165837,0.1255529371378944,0.31899999999999995,0.33999999999999997,158
437,0.11856869656425845,0.13490798295059428,0.32599999999999996,0.32699999999999996,158
438,0.05673238169541297,0.12400154390609545,0.257,0.359,158
439,0.03749976445048856,0.11411265247769158,0.274,0.32799999999999996,158
440,0.07961419739234726,0.13031373236612048,0.29700000000000004,0.32499999999999996,158
441,0.06743321916772843,0.1012928639687662,0.277,0.28500000000000003,158
442,0.04879986182331316,0.11392839212501606,0.28200000000000003,0.32399999999999995,158
443,0.059028892027793586,0.1271635208546497,0.268,0.30800000000000005,158
444,0.057079978007426424,0.12397550122671677,0.31000000000000005,0.28800000000000003,158
445,0.07091682655939682,0.11248742470871723,0.31000000000000005,0.31799999999999995,158
446,0.08692954630387985,0.11635774275165861,0.30000000000000004,0.276,158
447,0.06026430337272881,0.1534892866936511,0.266,0.33999999999999997,158
448,0.07097758051133957,0.1415166202491073,0.28400000000000003,0.33299999999999996,158
449,0.058270648888373404,0.12989338552395924,0.28400000000000003,0.30600000000000005,158
450,0.04341799842715098,0.1243090003083711,0.266,0.33599999999999997,158
451,0.03351272958298841,0.1421261652694083,0.273,0.375,158
452,0.057733697324048414,0.12307809991344525,0.29500000000000004,0.30800000000000005,158
453,0.0699828042386986,0.11388366917673055,0.247,0.29400000000000004,158
454,0.0657424130236591,0.11713368600243355,0.277,0.32699999999999996,158
455,0.053758491409287894,0.15340619586908114,0.29900000000000004,0.33799999999999997,158
456,0.04261336074936146,0.13674996366714148,0.264,0.35,158
457,0.06397660498087246,0.11621966119519209,0.271,0.31299999999999994,158
458,0.06328445280790346,0.1441963298381062,0.29000000000000004,0.35,158
459,0.062238752196075414,0.14095588691203992,0.28700000000000003,0.33999999999999997,158
460,0.05399959406988817,0.13539334283638735,0.28800000000000003,0.31200000000000006,158
461,0.06406863631682579,0.12630901718032597,0.247,0.31799999999999995,158
462,0.06248016286711201,0.1366510645022129,0.29400000000000004,0.31499999999999995,158
463,0.04684425517713604,0.11671708436381176,0.267,0.34199999999999997,158
464,0.045185382076612414,0.1346019397607486,0.266,0.30900000000000005,158
465,0.06058171707077458,0.11703798237544165,0.271,0.30400000000000005,158
466,0.07425556384827234,0.15443907382965727,0.31699999999999995,0.362,158
467,0.056779768001774325,0.13414250290897325,0.28300000000000003,0.31200000000000006,158
468,0.06608089593505037,0.11704186109733002,0.30600000000000005,0.34299999999999997,158
469,0.0637360706576071,0.11718251873816746,0.263,0.35,158
470,0.04416052397914366,0.11775674208987605,0.268,0.32899999999999996,158
471,0.044769813055885475,0.1247688842759781,0.29500000000000004,0.32099999999999995,158
472,0.07151747807983272,0.12895836548191142,0.277,0.33199999999999996,158
473,0.04345433816898285,0.1244473660663917,0.27,0.29400000000000004,158
474,0.09393092818975832,0.1598756908865936,0.33599999999999997,0.349,158
475,0.03000691067446562,0.11239548430428625,0.275,0.30200000000000005,158
476,0.052044658955712766,0.12354554102164926,0.278,0.32199999999999995,158
477,0.036263814179235604,0.11467314603246999,0.29300000000000004,0.33999999999999997,158
478,0.04604952539909465,0.12173303336924042,0.245,0.29900000000000004,158
479,0.055133507056732915,0.1156095402648113,0.28200000000000003,0.32399999999999995,158
480,0.054447071912794,0.13373425541195036,0.259,0.31899999999999995,158
481,0.06128779050144249,0.14544536516201223,0.31399999999999995,0.33399999999999996,158
482,0.06094344429147376,0.11956307647589444,0.271,0.32799999999999996,158
483,0.05523713574386151,0.15239320816299032,0.28500000000000003,0.32799999999999996,158
484,0.04648711390943228,0.12629037081489258,0.251,0.365,158
485,0.0432581979406751,0.13442540729006192,0.29200000000000004,0.274,158
486,0.06145719359598877,0.11294749205150952,0.279,0.32299999999999995,158
487,0.0702794443507409,0.14533581564830986,0.28300000000000003,0.354,158
488,0.050715051584220475,0.13130505310876234,0.30100000000000005,0.30600000000000005,158
489,0.04269018130448421,0.14963879786758125,0.276,0.33199999999999996,158
490,0.05796995869258077,0.12918535024130956,0.28400000000000003,0.29100000000000004,158
491,0.04258413604855384,0.11559615711885383,0.265,0.31999999999999995,158
492,0.055302639898094086,0.12403535986701608,0.28,0.28900000000000003,158
493,0.04004530788307585,0.12724044900480422,0.29900000000000004,0.31599999999999995,158
494,0.07299709174803481,0.15236296417120226,0.28800000000000003,0.351,158
495,0.06842820878066753,0.11427402853770932,0.29400000000000004,0.31699999999999995,158
496,0.09185650065410418,0.14779921657573716,0.28200000000000003,0.33099999999999996,158
497,0.07046626691276284,0.13976739060274956,0.268,0.362,158
498,0.057609366611351076,0.1196680851581523,0.281,0.31000000000000005,158
499,0.05829176597763746,0.10426452992677908,0.263,0.28,158
500,0.0234537356578315,0.13669412215520368,0.276,0.31399999999999995,315
501,0.025529703791477648,0.12837890366433882,0.277,0.30200000000000005,315
502,0.028921669967009716,0.14260188213115954,0.28400000000000003,0.359,315
503,0.05027681603749883,0.12848880233965942,0.28200000000000003,0.33299999999999996,315
504,0.025571517268800907,0.12624410276422074,0.28200000000000003,0.32999999999999996,315
505,0.034538247318476975,0.11906670124061403,0.238,0.32999999999999996,315
506,0.03874110473914292,0.11553504876437035,0.29000000000000004,0.28800000000000003,315
507,0.03495135218331096,0.12636238643290193,0.28400000000000003,0.29100000000000004,315
508,0.045463884516788296,0.13787614412954968,0.266,0.33099999999999996,315
509,0.0405365613201373,0.12930525718720476,0.266,0.29000000000000004,315
510,0.040456208302902995,0.1302034604445991,0.28900000000000003,0.372,315
511,0.02890104868673459,0.14779397457542925,0.266,0.33799999999999997,315
512,0.041059870259490046,0.12791925078834374,0.28600000000000003,0.33199999999999996,315
513,0.04608841744600075,0.12184858575218135,0.26,0.29300000000000004,315
514,0.0229995410995376,0.1085057978465849,0.28800000000000003,0.33999999999999997,315
515,0.03423825140082616,0.11608615117919713,0.26,0.30300000000000005,315
516,0.02760445646643008,0.13637625064532677,0.30000000000000004,0.352,315
517,0.047854149687060435,0.11707168097978879,0.28300000000000003,0.28200000000000003,315
518,0.0467441107181202,0.13165536829185423,0.28400000000000003,0.31399999999999995,315
519,0.04701652279471869,0.11753663036641322,0.29300000000000004,0.31299999999999994,315
520,0.03130884758812756,0.11540191419914526,0.30500000000000005,0.30800000000000005,315
521,0.031437560137860567,0.11996649200172621,0.28300000000000003,0.31499999999999995,315
522,0.031071361358855885,0.11748371545482778,0.28,0.29300000000000004,315
523,0.055213968280676894,0.11070940975399349,0.257,0.33599999999999997,315
524,0.0471196816140348,0.1360630316050836,0.29500000000000004,0.32799999999999996,315
525,0.015387912328573158,0.12078199747339441,0.28400000000000003,0.30000000000000004,315
526,0.021269933233574987,0.11762829861402989,0.279,0.30900000000000005,315
527,0.030267137385993844,0.12039388018792374,0.28700000000000003,0.349,315
528,0.04100780682860775,0.12472164893372306,0.257,0.32899999999999996,315
529,0.019735392710767463,0.1260527303632283,0.30400000000000005,0.31499999999999995,315
530,0.04541504122874394,0.12708326365445613,0.261,0.31999999999999995,315
531,0.030289312582577773,0.12115520682094319,0.249,0.30100000000000005,315
532,0.038053557605020445,0.12696776514813293,0.271,0.346,315
533,0.04524722253177297,0.10209739739707381,0.256,0.33199999999999996,315
534,0.028483911813029828,0.12175151468919919,0.28300000000000003,0.347,315
535,0.03678662009907758,0.114070739133663,0.274,0.32699999999999996,315
536,0.04025022761539195,0.13269376422177032,0.27,0.30400000000000005,315
537,0.03844798698239708,0.13046086216530936,0.28600000000000003,0.32199999999999995,315
538,0.021418865914160867,0.12234047910886456,0.254,0.30000000000000004,315
539,0.04328346608631376,0.1357189739183851,0.28600000000000003,0.345,315
540,0.02947851153738811,0.11518086524431682,0.262,0.29900000000000004,315
541,0.02279734125928616,0.11620468452240845,0.28600000000000003,0.275,315
542,0.030807855134944735,0.13085300924764073,0.248,0.31200000000000006,315
543,0.014026930922533586,0.11284849908347187,0.276,0.31899999999999995,315
544,0.052353681466821365,0.1364701502844278,0.27,0.32399999999999995,315
545,0.016544011179360354,0.12410094916130289,0.28300000000000003,0.31699999999999995,315
546,0.034993567077860215,0.12438346904423303,0.261,0.30800000000000005,315
547,0.02932594936383463,0.12338049765780412,0.256,0.364,315
548,0.032048421940941034,0.12895309484447715,0.274,0.31399999999999995,315
549,0.03286539412492659,0.1413165158585752,0.275,0.32299999999999995,315
550,0.02344141443640985,0.12595765315843654,0.28700000000000003,0.32899999999999996,315
551,0.043417341353195346,0.12171456334859945,0.258,0.33899999999999997,315
552,0.04174337139904285,0.1211450040807373,0.28,0.347,315
553,0.019076633229744653,0.13055052966630928,0.279,0.30500000000000005,315
554,0.04258716584281701,0.11563107588108922,0.29600000000000004,0.31200000000000006,315
555,0.02207616645287546,0.1268856261128842,0.28200000000000003,0.30900000000000005,315
556,0.037870877041254074,0.1265306601151174,0.261,0.29600000000000004,315
557,0.0420930211770831,0.13242913485926916,0.273,0.32499999999999996,315
558,0.051353907314233574,0.12645200271083212,0.277,0.29800000000000004,315
559,0.03653280968561441,0.1182847982507922,0.29300000000000004,0.30700000000000005,315
560,0.027303619318198608,0.12403580789831214,0.281,0.354,315
561,0.03820329915187931,0.12364993470713832,0.261,0.29900000000000004,315
562,0.02908704408511933,0.12659531782018038,0.263,0.29900000000000004,315
563,0.04976586243092487,0.12487719559491578,0.29200000000000004,0.32199999999999995,315
564,0.020800002193320535,0.12178632075995341,0.265,0.33899999999999997,315
565,0.036315525897164073,0.11791213869902065,0.265,0.31799999999999995,315
566,0.021932829425796323,0.11439531449261837,0.29100000000000004,0.30600000000000005,315
567,0.03169195472296382,0.1525586476825288,0.255,0.31799999999999995,315
568,0.022050754087762067,0.12569298522520186,0.265,0.31699999999999995,315
569,0.03093399265194493,0.12908786773347672,0.259,0.30300000000000005,315
570,0.03210196694281881,0.11514464000290058,0.273,0.32299999999999995,315
571,0.020696789561841594,0.11356670497290543,0.28600000000000003,0.29200000000000004,315
572,0.02213029582536888,0.1311716597096555,0.253,0.31000000000000005,315
573,0.040207026976048055,0.10243885639608809,0.273,0.29500000000000004,315
574,0.025144084277682208,0.104217361057391,0.265,0.29900000000000004,315
575,0.04735029567670406,0.1343087179344839,0.265,0.33199999999999996,315
576,0.036764735985534154,0.12174179423341566,0.28300000000000003,0.29400000000000004,315
577,0.02362278513406108,0.14097022719210686,0.259,0.28800000000000003,315
578,0.04554634510274963,0.13645015042999817,0.30000000000000004,0.32699999999999996,315
579,0.03246656772017303,0.12169933370162793,0.261,0.28,315
580,0.021244112951276574,0.1229761121159942,0.28600000000000003,0.30800000000000005,315
581,0.04491907387590799,0.12750971410922204,0.246,0.33299999999999996,315
582,0.028697639292112134,0.12100413640577234,0.273,0.32099999999999995,315
583,0.03838377675711744,0.12127472942017847,0.256,0.29500000000000004,315
584,0.03599650096265447,0.12105480870658722,0.28600000000000003,0.346,315
585,0.04842302015220996,0.15193756379371956,0.31000000000000005,0.32899999999999996,315
586,0.025633469726238742,0.1306218235535311,0.275,0.29800000000000004,315
587,0.026348104552642537,0.1217920774432236,0.278,0.32399999999999995,315
588,0.022592421664356634,0.11660797068925803,0.30800000000000005,0.31999999999999995,315
589,0.04895249110182285,0.12743144357241779,0.276,0.35,315
590,0.049029372421411505,0.12423785919927209,0.269,0.31599999999999995,315
591,0.015834804082580162,0.13116892052841123,0.261,0.33799999999999997,315
592,0.034562302853108795,0.13575973910554553,0.279,0.31000000000000005,315
593,0.019334849794236105,0.1295170457946459,0.278,0.32199999999999995,315
594,0.038896039908551124,0.12086121025851358,0.281,0.29200000000000004,315
595,0.043226381178585065,0.10731715207091475,0.271,0.30500000000000005,315
596,0.03786876720570873,0.11133454208282544,0.253,0.32199999999999995,315
597,0.028354746811668437,0.132254941586866,0.251,0.31499999999999995,315
598,0.03240166599314299,0.12190640515099938,0.275,0.31699999999999995,315
599,0.041653316623727524,0.11518603155030592,0.271,0.356,315
600,0.04481068252025004,0.11624407928480611,0.261,0.31399999999999995,629
601,0.03539200008000282,0.11765938325744572,0.272,0.32799999999999996,629
602,0.03194688551732826,0.12810010630743102,0.257,0.29900000000000004,629
603,0.025744099483251917,0.13158940646138748,0.31100000000000005,0.30400000000000005,629
604,0.04011469700132246,0.11142676677973974,0.272,0.32299999999999995,629
605,0.029945666433782506,0.1225898627091654,0.255,0.31499999999999995,629
606,0.041622519370794316,0.11904770331634403,0.264,0.29600000000000004,629
607,0.02447101298157156,0.12658081906369215,0.28300000000000003,0.31899999999999995,629
608,0.04375783563505213,0.12065166709216468,0.259,0.31000000000000005,629
609,0.034719141315447136,0.12838445916149357,0.257,0.32499999999999996,629
610,0.021438418296036023,0.12091844182241471,0.264,0.30900000000000005,629
611,0.02399518519021257,0.12143036453111074,0.277,0.31799999999999995,629
612,0.028137968973638763,0.13715514610893234,0.278,0.30500000000000005,629
613,0.024170784097891126,0.11868830395419097,0.251,0.34199999999999997,629
614,0.040095435568378586,0.11782165560260872,0.28300000000000003,0.31000000000000005,629
615,0.0485688867700482,0.12288397258756069,0.23199999999999998,0.31899999999999995,629
616,0.021563085881610697,0.12885861831933748,0.30300000000000005,0.31999999999999995,629
617,0.037985207787638184,0.12022031697921563,0.277,0.28600000000000003,629
618,0.034997751675750935,0.12093935076192694,0.273,0.29700000000000004,629
619,0.02521932296701725,0.11298786886723271,0.246,0.31499999999999995,629
620,0.038898273032577285,0.12787090796636422,0.274,0.28700000000000003,629
621,0.03535586437152551,0.13035880104763065,0.256,0.31699999999999995,629
622,0.02746906200137436,0.11866659354727808,0.246,0.31899999999999995,629
623,0.032143398994563165,0.12479143959708405,0.29400000000000004,0.30200000000000005,629
624,0.023764069896709084,0.12764191051609736,0.27,0.31499999999999995,629
625,0.03167459532947737,0.12225959692458319,0.28,0.28600000000000003,629
626,0.034340391530667584,0.11569410254023425,0.264,0.29700000000000004,629
627,0.026761017064327784,0.12377548967286987,0.272,0.28700000000000003,629
628,0.02680292692336187,0.1335036101345746,0.263,0.29800000000000004,629
629,0.015496803644407633,0.12362579274397349,0.259,0.31399999999999995,629
630,0.02624057157343083,0.12255665246522318,0.267,0.28500000000000003,629
631,0.02695095997663581,0.1222908390413963,0.281,0.29500000000000004,629
632,0.02670290076020412,0.11899570121375769,0.259,0.30000000000000004,629
633,0.025949340816950155,0.12481298980232994,0.269,0.29700000000000004,629
634,0.023744209861811787,0.12686376460728,0.252,0.276,629
635,0.03418574590349189,0.11400157513533685,0.273,0.28900000000000003,629
636,0.02839506097047011,0.14042114251936888,0.274,0.30100000000000005,629
637,0.0536670880716867,0.11763267224992993,0.28600000000000003,0.31000000000000005,629
638,0.029454759967118344,0.11357765216204102,0.28,0.31100000000000005,629
639,0.024134038811321014,0.13614451561842103,0.268,0.31100000000000005,629
640,0.03919987311959195,0.11657072339817905,0.28900000000000003,0.32099999999999995,629
641,0.027777714708944166,0.12530486451420958,0.259,0.31399999999999995,629
642,0.04180148371832508,0.12102992305307725,0.251,0.30300000000000005,629
643,0.035428669408316696,0.11196656549836104,0.26,0.33799999999999997,629
644,0.032978954871103125,0.12164115727478594,0.256,0.31299999999999994,629
645,0.035480163783170746,0.13216588250381545,0.274,0.30700000000000005,629
646,0.01936924762453667,0.13227881400587085,0.257,0.32499999999999996,629
647,0.03968050254315073,0.12312164435370819,0.256,0.31799999999999995,629
648,0.035633227389724166,0.13138306829356133,0.28600000000000003,0.29700000000000004,629
649,0.018568995817284016,0.12246109224614372,0.264,0.30500000000000005,629
650,0.02192208207664059,0.11459487308260141,0.278,0.30300000000000005,629
651,0.0229480241333249,0.11657308539827306,0.261,0.29900000000000004,629
652,0.0297895356870578,0.12486860965556182,0.251,0.28600000000000003,629
653,0.03110530836815131,0.11953946642125358,0.273,0.31399999999999995,629
654,0.04044032077336675,0.10988879970297818,0.257,0.31200000000000006,629
655,0.03737531811067664,0.12042462723101371,0.29100000000000004,0.33299999999999996,629
656,0.021845350666696663,0.12483015573205733,0.27,0.32599999999999996,629
657,0.021447678124045962,0.12408959825243374,0.272,0.31499999999999995,629
658,0.04588694678724262,0.1219499887085674,0.259,0.32499999999999996,629
659,0.03454814169085287,0.11815395669167181,0.262,0.30100000000000005,629
660,0.032628032571201844,0.1301046218914822,0.28200000000000003,0.31399999999999995,629
661,0.043019993400416276,0.1121900477714119,0.265,0.31699999999999995,629
662,0.024492010931469507,0.12860493878952042,0.274,0.33699999999999997,629
663,0.04108969050405135,0.11548920965050825,0.271,0.29900000000000004,629
664,0.03398606746192136,0.11889475476634631,0.279,0.31000000000000005,629
665,0.032623231969653756,0.12493120320169868,0.29100000000000004,0.30700000000000005,629
666,0.03324521651019004,0.12571232779818378,0.28300000000000003,0.31499999999999995,629
667,0.016834294784980674,0.11312130181983632,0.271,0.29400000000000004,629
668,0.03073699237108574,0.1299153094865111,0.273,0.33699999999999997,629
669,0.027935558478373018,0.13092114871396468,0.277,0.30500000000000005,629
670,0.026153868331367267,0.1320689007666191,0.272,0.31100000000000005,629
671,0.04532346418670317,0.12073180146038838,0.261,0.30700000000000005,629
672,0.020719232989576935,0.11868817323331766,0.24,0.28600000000000003,629
673,0.04915094640615564,0.13008344484904752,0.267,0.29600000000000004,629
674,0.02939109255181008,0.12056470169656343,0.273,0.29500000000000004,629
675,0.03004089894545131,0.1133705168445353,0.262,0.29600000000000004,629
676,0.026782961453210404,0.1289436544907573,0.28500000000000003,0.30700000000000005,629
677,0.030127986185495014,0.11632229932101039,0.25,0.31299999999999994,629
678,0.0212195543874091,0.1312489205875945,0.272,0.31999999999999995,629
679,0.03196711941336858,0.10845625908327026,0.28400000000000003,0.31999999999999995,629
680,0.025164694236422355,0.1329829225350957,0.256,0.30500000000000005,629
681,0.03649708639637776,0.11582578556414774,0.26,0.30300000000000005,629
682,0.02837969708972671,0.11462889835991953,0.263,0.31499999999999995,629
683,0.03835491805890324,0.11418644583163885,0.256,0.29700000000000004,629
684,0.03306194964823426,0.12642009133152812,0.275,0.32999999999999996,629
685,0.019287783490823898,0.12451768486034465,0.28500000000000003,0.30900000000000005,629
686,0.034666779915321216,0.12891333609599592,0.264,0.31499999999999995,629
687,0.02971171723533666,0.12170803160112971,0.267,0.28600000000000003,629
688,0.032242323801716585,0.12287779499654289,0.251,0.28400000000000003,629
689,0.02735716922913738,0.11975200216202626,0.258,0.30100000000000005,629
690,0.04142305181124162,0.12502447729271976,0.28400000000000003,0.32399999999999995,629
691,0.021791220242745806,0.12226508211911205,0.26,0.31100000000000005,629
692,0.026473209747612126,0.12501452059215037,0.269,0.29100000000000004,629
693,0.040271152681725715,0.12335265594596428,0.274,0.33999999999999997,629
694,0.03502869377457773,0.12503487483653575,0.28800000000000003,0.31000000000000005,629
695,0.015026043460184376,0.12257281053054227,0.267,0.31599999999999995,629
696,0.03948028262240574,0.11419168344591396,0.28400000000000003,0.30600000000000005,629
697,0.03980622598150188,0.11864578396268491,0.277,0.32999999999999996,629
698,0.03958476060709682,0.1263433475611502,0.268,0.268,629
699,0.03567156171710331,0.12399817309441845,0.281,0.32999999999999996,629
700,0.022560847746061888,0.12602012473961532,0.251,0.31000000000000005,1256
701,0.03473805762572487,0.1177925809988755,0.29000000000000004,0.29800000000000004,1256
702,0.040871946508750964,0.11930730971995646,0.262,0.30300000000000005,1256
703,0.036428607570283364,0.1288173820423531,0.275,0.30000000000000004,1256
704,0.03473631921968614,0.11996246924532443,0.278,0.31100000000000005,1256
705,0.04830875128757955,0.12118549673172054,0.28900000000000003,0.28800000000000003,1256
706,0.03498623456046915,0.12642745041217934,0.274,0.31399999999999995,1256
707,0.03196866187045132,0.11681582427856696,0.24,0.30000000000000004,1256
708,0.0373439165230227,0.12585966895075903,0.261,0.31100000000000005,1256
709,0.04448650531555622,0.11853117025319862,0.266,0.33099999999999996,1256
710,0.03902672656652202,0.12184657009701838,0.252,0.29700000000000004,1256
711,0.039325521406187926,0.11931235224678596,0.279,0.30000000000000004,1256
712,0.025617099742672192,0.11742578031198897,0.26,0.31599999999999995,1256
713,0.03116959954529342,0.11949429827851096,0.268,0.28200000000000003,1256
714,0.032392294491709675,0.11641616059970479,0.247,0.32599999999999996,1256
715,0.030947113692825868,0.12479566813230382,0.249,0.31799999999999995,1256
716,0.036062191809737604,0.12543155499439704,0.266,0.29800000000000004,1256
717,0.03356718670876476,0.12606653184782926,0.267,0.30600000000000005,1256
718,0.03901490760577138,0.12573821892214326,0.269,0.30200000000000005,1256
719,0.018888615028340196,0.12663211986195702,0.281,0.31100000000000005,1256
720,0.0366123512003595,0.1170513019748049,0.23399999999999999,0.31399999999999995,1256
721,0.02836319697513436,0.12260745925711276,0.262,0.31899999999999995,1256
722,0.03585957367847617,0.12892136715446226,0.263,0.29100000000000004,1256
723,0.019652141810681707,0.11956707216705417,0.259,0.30100000000000005,1256
724,0.03161602248957557,0.12423408097137364,0.269,0.31299999999999994,1256
725,0.03566703209856466,0.11732613201689775,0.259,0.30300000000000005,1256
726,0.03234082368067302,0.12147396572613063,0.28600000000000003,0.30900000000000005,1256
727,0.03247864172626717,0.1196348648051888,0.29500000000000004,0.31100000000000005,1256
728,0.02552640141226787,0.1218542703023353,0.27,0.31699999999999995,1256
729,0.030270021411586776,0.12722567451882008,0.27,0.30400000000000005,1256
730,0.03455347860393955,0.13231410535274973,0.276,0.28800000000000003,1256
731,0.0388691223600887,0.1305120911101468,0.29900000000000004,0.276,1256
732,0.0329538901250346,0.12406469585334441,0.28200000000000003,0.271,1256
733,0.03408715573665401,0.12511949551948814,0.257,0.271,1256
734,0.03262960456086709,0.12144476306715205,0.251,0.279,1256
735,0.03945182470843613,0.11947131252876124,0.268,0.29000000000000004,1256
736,0.029710812873696722,0.12052405006956543,0.262,0.28500000000000003,1256
737,0.0336525762764906,0.12307280749575049,0.256,0.29600000000000004,1256
738,0.030394836701742547,0.11679060336426866,0.259,0.31399999999999995,1256
739,0.02954590498921229,0.11281071919163764,0.248,0.30400000000000005,1256
740,0.023574860569047538,0.12183158075479564,0.28,0.31299999999999994,1256
741,0.041690869403596044,0.1227568511528438,0.255,0.30600000000000005,1256
742,0.035024813887707194,0.12876216176232225,0.28200000000000003,0.32499999999999996,1256
743,0.052277073247261246,0.1151701097283211,0.277,0.29600000000000004,1256
744,0.03260873674932635,0.1354353462191304,0.269,0.28500000000000003,1256
745,0.03905565588163444,0.11999249065230254,0.272,0.31699999999999995,1256
746,0.03006958341849267,0.11442433045984376,0.273,0.31299999999999994,1256
747,0.039985163711016763,0.11591814038012122,0.275,0.32699999999999996,1256
748,0.04011786336485723,0.12191280853513152,0.261,0.31399999999999995,1256
749,0.03391600635840741,0.11859481547537092,0.28,0.33899999999999997,1256
750,0.03020255039688477,0.12067484651714235,0.269,0.28700000000000003,1256
751,0.02358272259925662,0.12098491487338495,0.28500000000000003,0.29800000000000004,1256
752,0.03114649193300524,0.12657383279494747,0.28400000000000003,0.29200000000000004,1256
753,0.03296901317564139,0.12513964307335287,0.249,0.31100000000000005,1256
754,0.024180914024856753,0.11616644315388443,0.28300000000000003,0.31299999999999994,1256
755,0.03417483360905984,0.1209323395581842,0.29500000000000004,0.32199999999999995,1256
756,0.04554321950208177,0.12135052508237085,0.262,0.28700000000000003,1256
757,0.047550122630277046,0.11928467389325027,0.273,0.28500000000000003,1256
758,0.04363183385587172,0.12364556720074832,0.276,0.30200000000000005,1256
759,0.03105063498162086,0.12357471506754396,0.252,0.30500000000000005,1256
760,0.033016773160594384,0.11683653454279123,0.276,0.29800000000000004,1256
761,0.03558031311125798,0.12798531701295124,0.22999999999999998,0.29400000000000004,1256
762,0.026380578546524598,0.11741244331328307,0.249,0.28400000000000003,1256
763,0.021227023191716203,0.11829067177471034,0.279,0.33699999999999997,1256
764,0.033823285129367435,0.12139843337951085,0.276,0.30200000000000005,1256
765,0.03812713404664895,0.13086070878885928,0.269,0.31000000000000005,1256
766,0.053963729072529,0.11534176840319987,0.28800000000000003,0.29400000000000004,1256
767,0.04126813276434318,0.1253017760926186,0.268,0.29800000000000004,1256
768,0.03528685515977039,0.13261136641518825,0.265,0.31000000000000005,1256
769,0.02538033444409687,0.12079803312538165,0.244,0.31899999999999995,1256
770,0.031658184915679295,0.12402288856501437,0.265,0.32599999999999996,1256
771,0.03139024930362274,0.1177805885265771,0.262,0.29500000000000004,1256
772,0.03286425955032026,0.12234203233300238,0.261,0.32899999999999996,1256
773,0.04792657981719435,0.11810012472585822,0.22999999999999998,0.29100000000000004,1256
774,0.028736923864149118,0.124073350642043,0.247,0.32499999999999996,1256
775,0.034051433605136086,0.12876444373079304,0.253,0.31200000000000006,1256
776,0.03485137921272423,0.12028031089786109,0.278,0.32799999999999996,1256
777,0.025295163460167178,0.12054318766140554,0.278,0.31599999999999995,1256
778,0.02827783392033114,0.1236024509706754,0.251,0.28500000000000003,1256
779,0.03413618957852269,0.12520963642429633,0.28,0.274,1256
780,0.02034699669832137,0.11770555770607295,0.244,0.32499999999999996,1256
781,0.04594511726600867,0.11816613640406348,0.269,0.274,1256
782,0.027557899092202014,0.11954605779513902,0.28900000000000003,0.31699999999999995,1256
783,0.0392667318377164,0.12300477141600566,0.24,0.31999999999999995,1256
784,0.03639053346538044,0.1172550629689548,0.28200000000000003,0.32799999999999996,1256
785,0.028749101867465297,0.11745279234582377,0.26,0.33599999999999997,1256
786,0.02844642653954765,0.11788096142368866,0.249,0.30600000000000005,1256
787,0.02927144854845706,0.11957949013534139,0.276,0.31499999999999995,1256
788,0.03626226188775735,0.12131584008699413,0.253,0.31000000000000005,1256
789,0.0286376303936797,0.12749275447932465,0.248,0.31100000000000005,1256
790,0.021862277071698917,0.11895980019201344,0.249,0.29400000000000004,1256
791,0.032713826881624886,0.12203133084634478,0.28500000000000003,0.29200000000000004,1256
792,0.028713951229082137,0.1281189400019334,0.27,0.32799999999999996,1256
793,0.022206806221054413,0.12184082684944056,0.251,0.28600000000000003,1256
794,0.02825788899113273,0.11748615729929526,0.262,0.28300000000000003,1256
795,0.03987498807969924,0.12287269413634946,0.28200000000000003,0.29400000000000004,1256
796,0.027587452986916755,0.12360135125825265,0.28500000000000003,0.28500000000000003,1256
797,0.034938479493129615,0.12693836045346077,0.257,0.31200000000000006,1256
798,0.02945390621548619,0.12252088219947482,0.255,0.29500000000000004,1256
799,0.031143336130497936,0.12078976595913125,0.258,0.31399999999999995,1256
800,0.03319522109429884,0.12080980127036016,0.265,0.30900000000000005,2506
801,0.043457778819428916,0.12106492461732524,0.277,0.28200000000000003,2506
802,0.030019139140225814,0.1171628396149628,0.265,0.30100000000000005,2506
803,0.034774896357733356,0.11989034290302565,0.256,0.31100000000000005,2506
804,0.030805211535962763,0.12250295108696348,0.261,0.30600000000000005,2506
805,0.03753980838480775,0.12258114515739121,0.29700000000000004,0.28200000000000003,2506
806,0.028243581032600436,0.12634695916238894,0.262,0.29200000000000004,2506
807,0.035438631641942275,0.11733645820940353,0.258,0.30600000000000005,2506
808,0.02273624745802748,0.1203602666820572,0.28300000000000003,0.32199999999999995,2506
809,0.02421742478864097,0.11841868111179825,0.271,0.30500000000000005,2506
810,0.038034346390435125,0.11947492767345884,0.267,0.31599999999999995,2506
811,0.03671464523908987,0.12307994203054126,0.26,0.32299999999999995,2506
812,0.03627149354964185,0.1140234189160285,0.248,0.29200000000000004,2506
813,0.03293039029274903,0.12262375781127878,0.258,0.32499999999999996,2506
814,0.038835810083827776,0.11975362168627328,0.262,0.30500000000000005,2506
815,0.028360024144171964,0.11837965476402201,0.275,0.30600000000000005,2506
816,0.025093201893393056,0.12376588422305795,0.271,0.30800000000000005,2506
817,0.027895016289950617,0.11972249583988585,0.263,0.29300000000000004,2506
818,0.030818633719019897,0.12306878512047714,0.279,0.32799999999999996,2506
819,0.021151481724540417,0.11949736514516504,0.266,0.30200000000000005,2506
820,0.040105193705418145,0.12478261490743645,0.247,0.31699999999999995,2506
821,0.028708269630228878,0.1204311279571998,0.251,0.31899999999999995,2506
822,0.03223057168532725,0.1248903984669111,0.262,0.31599999999999995,2506
823,0.03405784793062638,0.13016903580590053,0.265,0.29600000000000004,2506
824,0.02691664966065122,0.12433493757471614,0.27,0.32199999999999995,2506
825,0.02618206561219595,0.1174464596389121,0.253,0.29200000000000004,2506
826,0.028507071054318562,0.11585731064451513,0.277,0.31499999999999995,2506
827,0.0354636581525013,0.12173770977405102,0.274,0.31699999999999995,2506
828,0.02818420425083926,0.1210726237345354,0.277,0.31299999999999994,2506
829,0.03133230148511487,0.11784879074738827,0.276,0.29800000000000004,2506
830,0.0402131216095557,0.11546218863788123,0.272,0.30000000000000004,2506
831,0.02030473444827212,0.1212441476202806,0.272,0.31599999999999995,2506
832,0.021830423398541104,0.11642263245843652,0.28,0.276,2506
833,0.028457340942757637,0.12372708723714122,0.266,0.30300000000000005,2506
834,0.02301597829827672,0.11934067220085003,0.28200000000000003,0.28700000000000003,2506
835,0.03103261487715859,0.11861937850690205,0.268,0.30000000000000004,2506
836,0.018442206243358922,0.11944859647678033,0.28,0.30100000000000005,2506
837,0.030272603075910256,0.11855586707208836,0.256,0.28300000000000003,2506
838,0.026273980428122224,0.1240873834046966,0.264,0.32199999999999995,2506
839,0.03958386634259743,0.11959899697224846,0.271,0.29900000000000004,2506
840,0.017690973130934533,0.11912715788015216,0.271,0.30600000000000005,2506
841,0.032390561477839794,0.12258144538148301,0.29600000000000004,0.30900000000000005,2506
842,0.03619186311396621,0.11754846843972616,0.28,0.30100000000000005,2506
843,0.031099756544125553,0.12581409920336728,0.29400000000000004,0.28400000000000003,2506
844,0.0340775240977989,0.12329214965687899,0.267,0.30900000000000005,2506
845,0.033485638668555834,0.12197356577797988,0.269,0.30300000000000005,2506
846,0.01987920906328077,0.11894761937469567,0.259,0.29000000000000004,2506
847,0.032502819470491426,0.1160737590749752,0.28800000000000003,0.28200000000000003,2506
848,0.02514778073353269,0.11790109930091147,0.248,0.273,2506
849,0.035401675546807954,0.12020018317709762,0.244,0.279,2506
850,0.03284295483275095,0.11765487768876026,0.246,0.30500000000000005,2506
851,0.02713473007776109,0.12769028028908358,0.277,0.30100000000000005,2506
852,0.0376714335966407,0.1169039493019032,0.27,0.33199999999999996,2506
853,0.03661550029022014,0.12033723125552583,0.28700000000000003,0.29200000000000004,2506
854,0.039131416144555536,0.12180104839875341,0.257,0.28800000000000003,2506
855,0.03010589593690946,0.12001807751747912,0.28200000000000003,0.28700000000000003,2506
856,0.03501204891048713,0.11841848683414669,0.273,0.32799999999999996,2506
857,0.03266890085772782,0.12613838501055852,0.258,0.272,2506
858,0.032535307053171925,0.1220534002183664,0.28800000000000003,0.30500000000000005,2506
859,0.03918519502845005,0.11664898106403307,0.258,0.32199999999999995,2506
860,0.038831824438893256,0.1184300366916249,0.278,0.30800000000000005,2506
861,0.028447015572416013,0.12455212452655798,0.272,0.31899999999999995,2506
862,0.027980232907419748,0.1173062536184694,0.23399999999999999,0.30200000000000005,2506
863,0.03253555709748106,0.12494265596409206,0.281,0.28700000000000003,2506
864,0.0270319229912047,0.12589952669676502,0.259,0.29100000000000004,2506
865,0.03569333083277864,0.12051186734424736,0.266,0.28,2506
866,0.032305533273973286,0.12778044445448714,0.278,0.29900000000000004,2506
867,0.03601385410178945,0.11778470890239984,0.28900000000000003,0.29000000000000004,2506
868,0.018178051598771325,0.12431411128769985,0.276,0.278,2506
869,0.03758768800178364,0.12170805254906834,0.28,0.28900000000000003,2506
870,0.025154426017343298,0.11818227854668817,0.265,0.29500000000000004,2506
871,0.03883784422186379,0.12634853735252585,0.257,0.31000000000000005,2506
872,0.03432699315898159,0.12229865888049987,0.255,0.30600000000000005,2506
873,0.036989158626697154,0.11926289909253347,0.266,0.29200000000000004,2506
874,0.03449396863767836,0.12431589586255001,0.28,0.29800000000000004,2506
875,0.031509079473587685,0.11888488141409351,0.274,0.30200000000000005,2506
876,0.02851464746484619,0.11797376584327247,0.257,0.30400000000000005,2506
877,0.034168948683712806,0.11479498815005076,0.248,0.29100000000000004,2506
878,0.03507306275454912,0.12021421076543387,0.273,0.272,2506
879,0.034924002449442854,0.12359491071097244,0.271,0.30400000000000005,2506
880,0.029295396761540686,0.11871067008345512,0.28900000000000003,0.31100000000000005,2506
881,0.023851167957877506,0.12207647445332279,0.28300000000000003,0.30500000000000005,2506
882,0.03450995140603146,0.12247668625368915,0.266,0.31100000000000005,2506
883,0.036907973487277236,0.12434038666070821,0.268,0.31299999999999994,2506
884,0.037024338324241346,0.126708526593278,0.246,0.30400000000000005,2506
885,0.031238332720460293,0.12326254688624058,0.28500000000000003,0.29600000000000004,2506
886,0.02611489893338598,0.12083806242511447,0.258,0.31200000000000006,2506
887,0.023678882593778667,0.12221494850530157,0.271,0.32999999999999996,2506
888,0.02751751086202491,0.12422764722803988,0.29000000000000004,0.30500000000000005,2506
889,0.036297933166143354,0.12091942600931947,0.261,0.31799999999999995,2506
890,0.02738368508418393,0.11733614524625481,0.261,0.28600000000000003,2506
891,0.036910452784927175,0.11879999310053879,0.278,0.274,2506
892,0.030732808604242927,0.1256986889633651,0.28800000000000003,0.29300000000000004,2506
893,0.02065412945178129,0.11691329529319755,0.276,0.31299999999999994,2506
894,0.029021422724197138,0.1224224113436628,0.238,0.28700000000000003,2506
895,0.025687464946074125,0.11958954220344277,0.258,0.29400000000000004,2506
896,0.02156021043747245,0.12243976164019094,0.29200000000000004,0.32199999999999995,2506
897,0.032252506723188405,0.12238069800312856,0.28300000000000003,0.33499999999999996,2506
898,0.03153410148075945,0.1220198755809146,0.28200000000000003,0.29500000000000004,2506
899,0.025817794646659613,0.1229368804426397,0.28,0.29200000000000004,2506
900,0.020143791106211197,0.11587861961315411,0.255,0.274,4999
901,0.020237476294945225,0.11679449562144938,0.28800000000000003,0.30600000000000005,4999
902,0.03032019680857836,0.12025911864641473,0.243,0.28400000000000003,4999
903,0.02102073005507246,0.12249750100467842,0.259,0.31299999999999994,4999
904,0.017505847838601128,0.12032042847705607,0.274,0.30500000000000005,4999
905,0.021680887284026902,0.12526727889845007,0.267,0.30500000000000005,4999
906,0.021969813334081986,0.12295367421770588,0.278,0.30700000000000005,4999
907,0.017879492795110807,0.11938487587624705,0.275,0.31399999999999995,4999
908,0.023464837291918762,0.11835193882938734,0.278,0.34299999999999997,4999
909,0.029994752296940565,0.11931903336699551,0.272,0.28700000000000003,4999
910,0.02109981511619835,0.12205742718840883,0.27,0.30400000000000005,4999
911,0.0179459558743561,0.12251153284476701,0.259,0.29900000000000004,4999
912,0.02085765562195002,0.1186555931418415,0.252,0.28900000000000003,4999
913,0.0230094437329758,0.11689359641189816,0.252,0.31499999999999995,4999
914,0.025469872003220758,0.11904017320521108,0.254,0.31100000000000005,4999
915,0.020016270518978377,0.11806191207592902,0.268,0.29900000000000004,4999
916,0.01880922348021752,0.11866516294606302,0.28700000000000003,0.29300000000000004,4999
917,0.018992220067380078,0.11990991962024239,0.248,0.31000000000000005,4999
918,0.01684659177778722,0.12021269834437043,0.278,0.28400000000000003,4999
919,0.024630153550884836,0.1183408970250117,0.253,0.28500000000000003,4999
920,0.026719765160365373,0.11746796640420054,0.279,0.29600000000000004,4999
921,0.02105360875378032,0.11949546694300783,0.274,0.30500000000000005,4999
922,0.020001855164045047,0.12023216196281993,0.242,0.30600000000000005,4999
923,0.016776642423267783,0.11718427747924641,0.269,0.31000000000000005,4999
924,0.016784880692005687,0.12088684423778744,0.277,0.30300000000000005,4999
925,0.015468409682365014,0.11726017881794483,0.278,0.29200000000000004,4999
926,0.018833236089790394,0.12007980849814687,0.28700000000000003,0.31499999999999995,4999
927,0.031186846837293603,0.1171459664959006,0.273,0.31200000000000006,4999
928,0.023154332591005276,0.12126277218409516,0.256,0.28900000000000003,4999
929,0.016764144687216712,0.12086610522122547,0.276,0.31899999999999995,4999
930,0.015482308556094783,0.11693014006485523,0.264,0.28900000000000003,4999
931,0.026904633499236778,0.1197685634443859,0.28,0.30200000000000005,4999
932,0.020866272258525158,0.11996273294420792,0.247,0.31899999999999995,4999
933,0.019885492403198306,0.11689972351381117,0.264,0.32599999999999996,4999
934,0.020626821359618578,0.12108681965366,0.254,0.30000000000000004,4999
935,0.018668825233559887,0.1201522639934945,0.267,0.31499999999999995,4999
936,0.020772381890176887,0.11873924904348203,0.253,0.33599999999999997,4999
937,0.020934222241121243,0.12036936527161328,0.254,0.352,4999
938,0.022737434155846666,0.11771799671799707,0.263,0.28400000000000003,4999
939,0.023266286324632103,0.11890097349693574,0.265,0.30400000000000005,4999
940,0.02130156927749495,0.11808768946258304,0.256,0.31999999999999995,4999
941,0.02000679189327534,0.12241850578875495,0.263,0.31999999999999995,4999
942,0.018399082634995245,0.11804641585043385,0.235,0.29400000000000004,4999
943,0.01887449985621905,0.12183070323995916,0.273,0.30300000000000005,4999
944,0.01714372166246888,0.1205164676756007,0.278,0.30400000000000005,4999
945,0.019185748707850236,0.12102971421557684,0.258,0.31699999999999995,4999
946,0.013980670009418484,0.12158940625155645,0.238,0.30600000000000005,4999
947,0.012698491899631842,0.12009838847543398,0.28700000000000003,0.31699999999999995,4999
948,0.02115925659595413,0.12199499497152586,0.257,0.30000000000000004,4999
949,0.014913841129816434,0.11913247617870484,0.272,0.30800000000000005,4999
950,0.01993747773895057,0.12502969485918233,0.258,0.29800000000000004,4999
951,0.028781371684814316,0.1172546250161975,0.247,0.279,4999
952,0.016297511512303256,0.11898039070406131,0.272,0.31299999999999994,4999
953,0.02053032881077655,0.11709325523452768,0.249,0.31599999999999995,4999
954,0.022208762500168545,0.12186685908999498,0.257,0.28600000000000003,4999
955,0.02406999417044972,0.1172819315120486,0.273,0.29400000000000004,4999
956,0.014357145542673772,0.11921881542316752,0.30300000000000005,0.29200000000000004,4999
957,0.019231635372243854,0.11872096101549534,0.257,0.31399999999999995,4999
958,0.014310407683774,0.11735127496855528,0.272,0.32499999999999996,4999
959,0.019943296878181593,0.12208262067209642,0.277,0.275,4999
960,0.018729640602498276,0.12179902779079495,0.245,0.31999999999999995,4999
961,0.024811266174198744,0.11980646501482924,0.273,0.31399999999999995,4999
962,0.01964173929489666,0.12281924509119344,0.28500000000000003,0.274,4999
963,0.022373691430209876,0.12082335014617024,0.272,0.29800000000000004,4999
964,0.02017863378261144,0.12140279114247093,0.255,0.34099999999999997,4999
965,0.021292143996855317,0.12300358632245963,0.272,0.29700000000000004,4999
966,0.022011447384238523,0.11828350989204155,0.264,0.29400000000000004,4999
967,0.02287661261255204,0.11598363251883745,0.29500000000000004,0.28,4999
968,0.020414728456006077,0.11767308412655338,0.29000000000000004,0.30100000000000005,4999
969,0.023158439456099165,0.12008165663040458,0.249,0.29800000000000004,4999
970,0.0206704861344962,0.11870651982080843,0.28300000000000003,0.30700000000000005,4999
971,0.022941316265339146,0.1151411998355285,0.269,0.31299999999999994,4999
972,0.01700451495318766,0.12167504143800345,0.26,0.30900000000000005,4999
973,0.018448622861801288,0.11803814326401921,0.28700000000000003,0.28,4999
974,0.018343423668282174,0.12218096247700992,0.249,0.274,4999
975,0.02295693453779944,0.1201736909446709,0.268,0.28200000000000003,4999
976,0.017651932461392943,0.11744514590471147,0.267,0.30500000000000005,4999
977,0.023989205593302605,0.1154662063622127,0.254,0.29000000000000004,4999
978,0.0283622528631333,0.11758410422218317,0.22999999999999998,0.29300000000000004,4999
979,0.034681569766745905,0.11721926803849188,0.271,0.29100000000000004,4999
980,0.018406309653056403,0.12428461019851388,0.268,0.30900000000000005,4999
981,0.02255875565734887,0.11923532539080826,0.262,0.281,4999
982,0.021129622444119645,0.1232668650156101,0.271,0.30400000000000005,4999
983,0.02100341853432615,0.11698012815399011,0.29700000000000004,0.28200000000000003,4999
984,0.01206595109026209,0.12027632596664477,0.245,0.281,4999
985,0.02031771418080172,0.11980994793387398,0.261,0.30700000000000005,4999
986,0.020452469555972384,0.11916541529049006,0.255,0.28500000000000003,4999
987,0.01333437548289608,0.11799910192223481,0.258,0.281,4999
988,0.02738414251540671,0.11953623163728556,0.269,0.30300000000000005,4999
989,0.018983629915773136,0.11740192955433634,0.278,0.263,4999
990,0.017110313235617926,0.1166231640713993,0.279,0.29200000000000004,4999
991,0.022695571919735126,0.12345689454499542,0.253,0.28900000000000003,4999
992,0.02454707859050611,0.12135551799471722,0.281,0.31100000000000005,4999
993,0.02122049413584571,0.11831150510557516,0.275,0.29900000000000004,4999
994,0.02146477680814151,0.12112709369133542,0.253,0.32099999999999995,4999
995,0.019760596569134422,0.11541737345006664,0.28900000000000003,0.30600000000000005,4999
996,0.01725381741905941,0.12005933631205602,0.27,0.31999999999999995,4999
997,0.020151054367057997,0.11703813283786074,0.273,0.30000000000000004,4999
998,0.022468441551297597,0.12316772304370245,0.29700000000000004,0.269,4999
999,0.023894866916540376,0.12212164944207324,0.245,0.32599999999999996,4999
