,hellinger dist kdn,hellinger dist nn,error kdn,error nn,sample
0,0.5136635364858664,0.1703140812272432,0.489,0.516,10
1,0.534015241983467,0.16447221967646164,0.501,0.41700000000000004,10
2,0.5354259759544537,0.1619928767025234,0.475,0.548,10
3,0.47271362596488764,0.17124399818738015,0.43500000000000005,0.49,10
4,0.4309994830757718,0.1521539877325003,0.396,0.40900000000000003,10
5,0.6791969359111629,0.180404483531813,0.495,0.505,10
6,0.5204335400081485,0.15233561488927286,0.523,0.493,10
7,0.5354259759544537,0.15782510430822383,0.493,0.364,10
8,0.5011794276739281,0.17022758080610487,0.43999999999999995,0.502,10
9,0.6615688368158732,0.16596583188128844,0.534,0.51,10
10,0.462417335250488,0.16987060145616967,0.391,0.558,10
11,0.4261358019190109,0.16133657045997502,0.369,0.45899999999999996,10
12,0.617789070463594,0.17740139362520238,0.51,0.5369999999999999,10
13,0.5677138174901628,0.1610334968599231,0.581,0.525,10
14,0.5185379851879575,0.17376164099215627,0.5349999999999999,0.48,10
15,0.5363088815336232,0.16632837825152336,0.45599999999999996,0.486,10
16,0.45370987633629184,0.17103300531598756,0.43600000000000005,0.554,10
17,0.5722027227794938,0.18030806028544244,0.521,0.648,10
18,0.5850396387137403,0.17757460230479338,0.503,0.5329999999999999,10
19,0.5595250360691314,0.16658843406178078,0.5369999999999999,0.45899999999999996,10
20,0.5690650881968714,0.15047187531701656,0.44799999999999995,0.397,10
21,0.5343859561975086,0.14978601165626199,0.499,0.41300000000000003,10
22,0.4892070134340707,0.19074815979067883,0.477,0.599,10
23,0.46133917363210714,0.16342457606634092,0.404,0.40900000000000003,10
24,0.5393268748377735,0.16476695223835328,0.516,0.5529999999999999,10
25,0.5274944147663196,0.16072820129094403,0.487,0.503,10
26,0.6216447237588949,0.1629139997265703,0.479,0.499,10
27,0.46758666199152066,0.18393568960470533,0.373,0.486,10
28,0.5179353681065496,0.1887937884541845,0.49,0.597,10
29,0.5029434753486858,0.17360701682149215,0.523,0.494,10
30,0.5605881195600216,0.1706418522901062,0.476,0.502,10
31,0.7071067811865478,0.1699741725006849,0.518,0.55,10
32,0.5318846690194082,0.17359336063302255,0.527,0.5509999999999999,10
33,0.61634718497923,0.16580178335482185,0.496,0.46399999999999997,10
34,0.5354259759544537,0.17174032846028844,0.507,0.526,10
35,0.5458632381698586,0.18859203060100638,0.526,0.506,10
36,0.5354252104572337,0.16520249585842772,0.506,0.514,10
37,0.5301902909206939,0.16649081772549293,0.504,0.524,10
38,0.4606793160849193,0.1771135750793183,0.363,0.502,10
39,0.5318696879570727,0.1735094766502798,0.484,0.515,10
40,0.5354259759544537,0.18284990126092696,0.489,0.563,10
41,0.4910841048775297,0.16050798031768534,0.44199999999999995,0.385,10
42,0.49556887162361596,0.17105945944152345,0.41100000000000003,0.519,10
43,0.5361447230326846,0.1565311981070197,0.492,0.493,10
44,0.5615554759911106,0.18033950252613778,0.489,0.613,10
45,0.6201933252068523,0.16240012165111034,0.528,0.496,10
46,0.5336746517524189,0.1744143547555444,0.505,0.502,10
47,0.48223599808876255,0.16873146591299223,0.488,0.492,10
48,0.7071067811865478,0.15858524689862255,0.527,0.46599999999999997,10
49,0.4241519612549405,0.19597676856574495,0.279,0.5700000000000001,10
50,0.5354252104572337,0.15899944537820443,0.498,0.496,10
51,0.5616090766568775,0.17983603540865095,0.486,0.526,10
52,0.5354252104572337,0.1738258843198986,0.5369999999999999,0.45499999999999996,10
53,0.5354259759544537,0.16301669200014052,0.51,0.45799999999999996,10
54,0.5381337039698012,0.1712954224234581,0.42900000000000005,0.45899999999999996,10
55,0.5150322372572937,0.1632500793245103,0.482,0.40900000000000003,10
56,0.5354259759544537,0.16150645323117777,0.501,0.499,10
57,0.5144571517005058,0.16201881408043997,0.5,0.5720000000000001,10
58,0.5800928200967601,0.16596980648881757,0.506,0.44899999999999995,10
59,0.48858716720594625,0.17660488827167786,0.33599999999999997,0.5529999999999999,10
60,0.5224029223044522,0.1428029110124046,0.44499999999999995,0.504,10
61,0.5354252104572337,0.1704096024372263,0.505,0.481,10
62,0.5354259759544537,0.20263167118829825,0.494,0.573,10
63,0.42819971496241677,0.16175963489956285,0.33699999999999997,0.489,10
64,0.6378273397179842,0.16849464414963494,0.489,0.41700000000000004,10
65,0.48981532170258474,0.16968079111470516,0.43000000000000005,0.493,10
66,0.4818740869289588,0.16999294639866555,0.43300000000000005,0.38,10
67,0.5895550709026154,0.15527870912854375,0.393,0.501,10
68,0.4832248483104182,0.17209722285401755,0.44399999999999995,0.506,10
69,0.5607370337266999,0.17054589767699002,0.49,0.52,10
70,0.5785508044693662,0.18011081611407842,0.488,0.501,10
71,0.5318030423490815,0.19348526838404756,0.492,0.51,10
72,0.5052053609425415,0.16730441404043814,0.473,0.504,10
73,0.5381042782499658,0.17054980208884732,0.44099999999999995,0.495,10
74,0.5017099891158555,0.16005870665308672,0.486,0.523,10
75,0.5298385263979318,0.1699482316252101,0.509,0.526,10
76,0.5926017637630893,0.17403549545345917,0.41600000000000004,0.471,10
77,0.5740060492235771,0.1724904980840718,0.484,0.527,10
78,0.4562203234855066,0.1665116362417834,0.43700000000000006,0.524,10
79,0.47369632000662304,0.16952505017429684,0.41100000000000003,0.498,10
80,0.5354259759544537,0.1914986173333945,0.495,0.513,10
81,0.5392872407086654,0.16437876386194164,0.521,0.45999999999999996,10
82,0.46563494518328535,0.16951741631679204,0.43200000000000005,0.45899999999999996,10
83,0.5162671191326667,0.19069552690203181,0.499,0.528,10
84,0.580279103395166,0.1909748064579005,0.506,0.478,10
85,0.4655831081465655,0.17045596565131044,0.402,0.472,10
86,0.4561807820434808,0.18535743185617098,0.382,0.487,10
87,0.6099563766761231,0.18941213825769526,0.45699999999999996,0.479,10
88,0.5158322391332114,0.1873983148640666,0.477,0.497,10
89,0.5410503720776723,0.16352130703231302,0.47,0.398,10
90,0.5596510588638656,0.18050227324665247,0.503,0.5840000000000001,10
91,0.5354259759544537,0.163002915714244,0.485,0.542,10
92,0.5283056433249093,0.17654512887884344,0.491,0.43600000000000005,10
93,0.7071067811865478,0.17054587888997047,0.517,0.503,10
94,0.4560129759271464,0.1723452468499897,0.398,0.513,10
95,0.4037710079934147,0.17029293995161482,0.31999999999999995,0.571,10
96,0.4593803481765626,0.16280601876541287,0.372,0.40800000000000003,10
97,0.5662864606368184,0.16254111655834086,0.493,0.496,10
98,0.6360531369537079,0.16387674223535198,0.511,0.49,10
99,0.5600181910068351,0.17593641791442827,0.501,0.45399999999999996,10
100,0.43428976019211074,0.15011638437359553,0.4,0.41500000000000004,19
101,0.5442886753126874,0.16584602451107838,0.5469999999999999,0.41400000000000003,19
102,0.3456526956897605,0.16978230655988188,0.40700000000000003,0.512,19
103,0.5354259759544537,0.174191282821482,0.499,0.5469999999999999,19
104,0.4259100769942389,0.1648526409705929,0.43400000000000005,0.45499999999999996,19
105,0.4130332663124297,0.15648731857100948,0.47,0.41400000000000003,19
106,0.36409273521011926,0.1661699288442572,0.43100000000000005,0.43200000000000005,19
107,0.49002093756513987,0.17035937540302784,0.52,0.483,19
108,0.37442572367290394,0.16880908612978474,0.43600000000000005,0.472,19
109,0.4478691181710344,0.16292962110612466,0.40700000000000003,0.43500000000000005,19
110,0.3884446427000119,0.1738773354104623,0.42300000000000004,0.534,19
111,0.4344727418167135,0.17816352266103894,0.41900000000000004,0.501,19
112,0.5167529504406353,0.1727617100633243,0.486,0.5900000000000001,19
113,0.28773651783147786,0.16054965304866647,0.41900000000000004,0.42700000000000005,19
114,0.29756426733289654,0.15979140852493287,0.41000000000000003,0.515,19
115,0.506491117370459,0.16577137993657493,0.46299999999999997,0.488,19
116,0.5140494178733069,0.16338557113300556,0.499,0.513,19
117,0.4985565997288057,0.17979486209178822,0.534,0.45899999999999996,19
118,0.4386017617675932,0.16903548855595346,0.404,0.44199999999999995,19
119,0.4191720127869737,0.17071326500741327,0.43400000000000005,0.485,19
120,0.4942199682130841,0.1920175439439225,0.45499999999999996,0.505,19
121,0.4345728890513932,0.17543580935942424,0.393,0.493,19
122,0.31077653242118136,0.1556926651181668,0.4,0.503,19
123,0.4104413088115291,0.16309845977629678,0.42600000000000005,0.44699999999999995,19
124,0.24611323168212682,0.1664384865399639,0.33099999999999996,0.52,19
125,0.43796578004711967,0.16377957698872872,0.46199999999999997,0.46699999999999997,19
126,0.4944642623245557,0.17952619360831493,0.495,0.514,19
127,0.2938329331187546,0.1365712175520779,0.44799999999999995,0.45499999999999996,19
128,0.388090270913182,0.18274985349243053,0.41700000000000004,0.509,19
129,0.4280004133494361,0.1715498078706084,0.42300000000000004,0.501,19
130,0.46411557159931877,0.17159676072903765,0.44399999999999995,0.44799999999999995,19
131,0.48411474160939466,0.16941847522056874,0.46699999999999997,0.503,19
132,0.49994771634737056,0.16636567403479655,0.488,0.513,19
133,0.2755524761829013,0.17379536725579187,0.351,0.501,19
134,0.47421906677436215,0.17207031956756377,0.46699999999999997,0.501,19
135,0.44136734635513764,0.1668315724201359,0.40900000000000003,0.5449999999999999,19
136,0.39070287180288227,0.1603120462699727,0.46799999999999997,0.37,19
137,0.46415570867347306,0.17504085193984636,0.44499999999999995,0.5740000000000001,19
138,0.5020671745163966,0.1632085277047254,0.46499999999999997,0.506,19
139,0.5011376070843967,0.1586389883131417,0.529,0.42800000000000005,19
140,0.5276334818874072,0.17164929453108346,0.471,0.5640000000000001,19
141,0.5437484895720932,0.17248851114979033,0.473,0.596,19
142,0.5354259759544537,0.1706991420356109,0.497,0.51,19
143,0.3589905748451488,0.16152551318429068,0.41700000000000004,0.40900000000000003,19
144,0.41764986950716526,0.16794145802474233,0.40900000000000003,0.506,19
145,0.5201298113592071,0.21447332453985785,0.51,0.534,19
146,0.5013152649471166,0.16017037103395887,0.477,0.46299999999999997,19
147,0.42555550994254054,0.16058675232561778,0.44699999999999995,0.471,19
148,0.4023756502574864,0.1641622196494003,0.394,0.544,19
149,0.2676503234508636,0.16841511655761834,0.477,0.483,19
150,0.2951502329799756,0.16392779523727818,0.352,0.4,19
151,0.4979755619767609,0.16995093269426306,0.481,0.534,19
152,0.4879410932730732,0.17727575357581543,0.528,0.477,19
153,0.46081106824669904,0.13921492478075392,0.393,0.42700000000000005,19
154,0.2954545486762002,0.15413291170218185,0.367,0.46699999999999997,19
155,0.4072693610079465,0.1232550527019059,0.42400000000000004,0.42300000000000004,19
156,0.4147068070015536,0.16316292394889403,0.386,0.502,19
157,0.4238330356628113,0.16288371717662345,0.42100000000000004,0.33999999999999997,19
158,0.3751989714220232,0.14774974663195758,0.398,0.42600000000000005,19
159,0.5354259759544537,0.16008625444877583,0.501,0.45799999999999996,19
160,0.5316055760435205,0.1652078901825887,0.46099999999999997,0.45899999999999996,19
161,0.302693140884531,0.15924750118062472,0.45099999999999996,0.46399999999999997,19
162,0.39932197831217014,0.17145880182191212,0.387,0.507,19
163,0.39522162358209945,0.17008579035613114,0.45899999999999996,0.508,19
164,0.5127602627496797,0.1663787698502591,0.516,0.532,19
165,0.4355148017559645,0.1840130899313314,0.388,0.499,19
166,0.4557273015083019,0.16958404677141614,0.4,0.483,19
167,0.3725722113534577,0.17182183771819032,0.386,0.484,19
168,0.4707030347829339,0.16265016133975443,0.512,0.398,19
169,0.43951476168862064,0.1625635216830536,0.483,0.487,19
170,0.4243682311945529,0.1683092994121208,0.404,0.483,19
171,0.5354259759544537,0.16648422776089292,0.519,0.44699999999999995,19
172,0.49146569568711296,0.1685272297345779,0.46599999999999997,0.486,19
173,0.4857602070410119,0.1616946680514045,0.44399999999999995,0.485,19
174,0.48668072952067176,0.16994677221824578,0.45499999999999996,0.487,19
175,0.392675845725167,0.15726586207987903,0.39,0.42400000000000004,19
176,0.5157147523009179,0.17506548504068598,0.519,0.527,19
177,0.6029949608464575,0.15275230685424113,0.599,0.52,19
178,0.5624731855370178,0.21063481602231657,0.489,0.54,19
179,0.46333981933090046,0.17683275966478296,0.45599999999999996,0.497,19
180,0.47234042216426764,0.1572619389293231,0.43400000000000005,0.33799999999999997,19
181,0.46462701738546586,0.16954339203726246,0.486,0.44999999999999996,19
182,0.47063296497818996,0.17235862815611713,0.44799999999999995,0.515,19
183,0.49379667663910926,0.17082740355373485,0.42100000000000004,0.499,19
184,0.4804106363785519,0.18675993482065412,0.52,0.493,19
185,0.39328607387176767,0.17370633200483263,0.33399999999999996,0.509,19
186,0.4507254786762525,0.17635273968987822,0.44699999999999995,0.598,19
187,0.435372596317942,0.1779969322322425,0.376,0.542,19
188,0.4010232339018279,0.17280120808472188,0.4,0.497,19
189,0.32625617057597045,0.17433221417630093,0.399,0.569,19
190,0.49980891940898164,0.15624960446433928,0.45199999999999996,0.45999999999999996,19
191,0.5354252104572337,0.1521698625583647,0.49,0.404,19
192,0.4885610298301069,0.16387475178409733,0.46399999999999997,0.44399999999999995,19
193,0.4801852826880712,0.17240039711604735,0.471,0.496,19
194,0.41238714770611007,0.16255307637484248,0.46299999999999997,0.44499999999999995,19
195,0.4152610148240995,0.1684568397612239,0.44999999999999996,0.391,19
196,0.4871111560907786,0.19536681174969095,0.43200000000000005,0.52,19
197,0.47891548944019346,0.17438485801081965,0.45299999999999996,0.508,19
198,0.48710368619688366,0.16668463906099798,0.46599999999999997,0.43899999999999995,19
199,0.31686508424373266,0.16805732492450623,0.387,0.42600000000000005,19
200,0.3567991169005129,0.15350982641702063,0.376,0.389,39
201,0.32875276666091546,0.16407352525745436,0.475,0.51,39
202,0.23800069621290834,0.14672850950870747,0.354,0.391,39
203,0.42955888572822243,0.17548912343165105,0.42800000000000005,0.503,39
204,0.2841505767293345,0.17120786574384259,0.359,0.529,39
205,0.2040068376000114,0.22869130170213758,0.377,0.503,39
206,0.2709601976735414,0.17916010539778102,0.45399999999999996,0.522,39
207,0.36938294212043193,0.15822309491055073,0.481,0.495,39
208,0.30334644102946745,0.17716284804507226,0.41200000000000003,0.552,39
209,0.3762745813356277,0.1693648190151859,0.379,0.498,39
210,0.35924099667821724,0.16967489273578118,0.42700000000000005,0.491,39
211,0.2821805298347711,0.16885554526084706,0.44099999999999995,0.41400000000000003,39
212,0.23798943166563297,0.16523282920921878,0.43200000000000005,0.474,39
213,0.30772222877529415,0.17899833524816255,0.365,0.46799999999999997,39
214,0.4292562735162542,0.16971402635397007,0.43000000000000005,0.5,39
215,0.36364664163555527,0.17188510048903183,0.376,0.571,39
216,0.25174466372142124,0.16919610245988848,0.403,0.503,39
217,0.21132267943467614,0.14483828545184735,0.33499999999999996,0.40800000000000003,39
218,0.33726126317105254,0.18704667184106535,0.371,0.529,39
219,0.1978449268269109,0.17244629541136575,0.31200000000000006,0.46199999999999997,39
220,0.3057107740180947,0.16096613331948026,0.383,0.43799999999999994,39
221,0.1373177865371462,0.16062427170642588,0.33899999999999997,0.471,39
222,0.34835680163292543,0.17573233550407208,0.369,0.5,39
223,0.21839490854184795,0.16233820456671866,0.387,0.36,39
224,0.2934640558853382,0.164225186212163,0.345,0.403,39
225,0.3249732638949675,0.15489343065624375,0.43600000000000005,0.389,39
226,0.20464877206464177,0.16214409323037646,0.361,0.494,39
227,0.3629859197621373,0.17678096952602593,0.374,0.562,39
228,0.3349582520209301,0.1344060608863877,0.31000000000000005,0.45299999999999996,39
229,0.3496463553991159,0.16672654699596745,0.42600000000000005,0.5329999999999999,39
230,0.38090440687701377,0.15067747816144259,0.46099999999999997,0.401,39
231,0.41555053353649546,0.18627053976413913,0.41000000000000003,0.5840000000000001,39
232,0.20153454680972885,0.17218768300399517,0.33199999999999996,0.5469999999999999,39
233,0.22838669928021807,0.16796825638864937,0.363,0.44499999999999995,39
234,0.29150365619280966,0.16082960645506345,0.41500000000000004,0.384,39
235,0.35862475155819495,0.17450791288824063,0.42600000000000005,0.597,39
236,0.20053266999657454,0.13266806754227692,0.34199999999999997,0.42500000000000004,39
237,0.251351875587393,0.17027604502492802,0.35,0.495,39
238,0.2898562811133031,0.1797765052402653,0.375,0.538,39
239,0.35246511020790106,0.17897933077458153,0.392,0.513,39
240,0.28531036119018677,0.15235362710561462,0.40800000000000003,0.46799999999999997,39
241,0.34702230528072925,0.1601525922377516,0.363,0.482,39
242,0.25001714042401885,0.16497893414198483,0.483,0.46299999999999997,39
243,0.38052710281892804,0.17223080371115165,0.389,0.527,39
244,0.26287268152716065,0.16613271407487637,0.393,0.41100000000000003,39
245,0.3488584144912381,0.16577420856279437,0.44899999999999995,0.486,39
246,0.22268323776571777,0.1695152070295608,0.30000000000000004,0.509,39
247,0.4062081953564167,0.16697933956365205,0.40700000000000003,0.492,39
248,0.13500170063648595,0.16913759562749583,0.388,0.43000000000000005,39
249,0.3054582424165263,0.1807165252946768,0.43000000000000005,0.481,39
250,0.38453055952067716,0.17295722017970935,0.46099999999999997,0.51,39
251,0.3665724475987364,0.1492226972165621,0.378,0.402,39
252,0.23007289056064775,0.1715939853325999,0.29900000000000004,0.562,39
253,0.27875590294937364,0.14561090175719746,0.44599999999999995,0.367,39
254,0.3766278041156851,0.17626791770038194,0.38,0.609,39
255,0.22785514645428823,0.15586886319896903,0.378,0.42300000000000004,39
256,0.1729495069198933,0.1583521859970841,0.359,0.42100000000000004,39
257,0.30957519391378274,0.14266272786236367,0.391,0.394,39
258,0.2856629301524407,0.17739012969165602,0.363,0.47,39
259,0.4350676758207993,0.17066893546954595,0.44599999999999995,0.505,39
260,0.24160823815648608,0.16139136642179322,0.41000000000000003,0.45899999999999996,39
261,0.2758638655925195,0.16012881900052656,0.33999999999999997,0.44099999999999995,39
262,0.24766922704135189,0.16720017423070116,0.356,0.43999999999999995,39
263,0.3379107216682857,0.1845544303514629,0.381,0.601,39
264,0.2490263047494202,0.1730234694144612,0.29700000000000004,0.499,39
265,0.4345266144364395,0.17481453437304778,0.42900000000000005,0.487,39
266,0.19750112394362196,0.1780878539718706,0.346,0.398,39
267,0.18391196479805919,0.17408417969191034,0.33199999999999996,0.47,39
268,0.20627314172769032,0.16640066597430253,0.356,0.45499999999999996,39
269,0.2171676978791836,0.1687363638076575,0.373,0.529,39
270,0.3482238542941796,0.14062885371690315,0.395,0.488,39
271,0.1566039920793495,0.15575397698341573,0.389,0.402,39
272,0.35764899043983145,0.1608060988732528,0.384,0.45999999999999996,39
273,0.3855846224295356,0.16820579534257057,0.377,0.46699999999999997,39
274,0.21789541998296094,0.17395040170461729,0.31399999999999995,0.45899999999999996,39
275,0.15895238446776924,0.16692258529640797,0.403,0.41900000000000004,39
276,0.26330485425495825,0.1679419615746219,0.344,0.523,39
277,0.3408176550317664,0.1648424952918166,0.45099999999999996,0.45699999999999996,39
278,0.21054320582012606,0.1734580213134756,0.345,0.42400000000000004,39
279,0.3101424662399826,0.14800147145970627,0.44299999999999995,0.495,39
280,0.2539081955812281,0.16638127813344536,0.41300000000000003,0.49,39
281,0.23215078885356932,0.16868120812668275,0.31499999999999995,0.388,39
282,0.283105959888027,0.1778547072487312,0.406,0.6,39
283,0.19206590030176401,0.16327836233803458,0.34299999999999997,0.496,39
284,0.25735632680003784,0.1699213277070795,0.387,0.495,39
285,0.3297337007185327,0.1448825365505599,0.382,0.43600000000000005,39
286,0.23185898013070558,0.163852134055091,0.30900000000000005,0.43700000000000006,39
287,0.1539136389452388,0.1733903911716327,0.29700000000000004,0.532,39
288,0.2279976527839853,0.16945241788967563,0.42900000000000005,0.528,39
289,0.2488105820089989,0.16821147576885503,0.42500000000000004,0.505,39
290,0.39881538865089916,0.16077249439808883,0.391,0.503,39
291,0.3210442129588482,0.17391671048443735,0.522,0.542,39
292,0.23057186410373134,0.19782530464868278,0.46099999999999997,0.5429999999999999,39
293,0.07564237832944053,0.17716102202111184,0.29500000000000004,0.5569999999999999,39
294,0.26789892178734376,0.19269390382856458,0.367,0.538,39
295,0.3070710271234351,0.17782780251065095,0.33799999999999997,0.51,39
296,0.27147585487167697,0.15259420387088904,0.33799999999999997,0.402,39
297,0.24708188839940345,0.1665521032974476,0.40800000000000003,0.503,39
298,0.26428891125655074,0.17470653279421605,0.403,0.519,39
299,0.20575093568169214,0.16376342309527855,0.34099999999999997,0.375,39
300,0.16295753487409526,0.18330672634262282,0.31599999999999995,0.563,79
301,0.2960536360008288,0.15467534047168205,0.388,0.44699999999999995,79
302,0.2284598045249361,0.16128765286037022,0.345,0.474,79
303,0.160418196181691,0.16510538896214155,0.33499999999999996,0.492,79
304,0.16881250158538422,0.18329336335996102,0.34199999999999997,0.511,79
305,0.18774465057707862,0.1724609711067114,0.34099999999999997,0.517,79
306,0.22380170206007466,0.18143291104260567,0.32599999999999996,0.591,79
307,0.2356496316859055,0.1702393104390206,0.399,0.531,79
308,0.20336526670184565,0.16802022867402822,0.31799999999999995,0.495,79
309,0.23924494695627835,0.1645949510974981,0.31299999999999994,0.34199999999999997,79
310,0.09921551031740158,0.17098515978391227,0.31999999999999995,0.529,79
311,0.17145463117057722,0.1684910636200887,0.30900000000000005,0.497,79
312,0.16336557865114823,0.15382692514721405,0.31000000000000005,0.478,79
313,0.18409990025985248,0.14471084061827286,0.29700000000000004,0.516,79
314,0.16629049121865042,0.15373252846894486,0.32699999999999996,0.498,79
315,0.13573259289506828,0.17183526648853276,0.33299999999999996,0.52,79
316,0.11148857239723983,0.17036036996708848,0.28500000000000003,0.496,79
317,0.13273454569896465,0.16794886312695137,0.31799999999999995,0.531,79
318,0.14674321693650869,0.16538774591627073,0.33099999999999996,0.514,79
319,0.1766867875747881,0.16827161263992346,0.365,0.471,79
320,0.23419529710954434,0.13469124558032003,0.348,0.42200000000000004,79
321,0.249615124208663,0.1749591452089079,0.31499999999999995,0.544,79
322,0.1806653117321905,0.17031189146466416,0.31299999999999994,0.489,79
323,0.10998466668443967,0.15454698997321414,0.269,0.46599999999999997,79
324,0.2119604400500577,0.17751295700637357,0.361,0.531,79
325,0.16124697149731732,0.1660987450672163,0.277,0.507,79
326,0.1742695005826058,0.16558242708753101,0.31999999999999995,0.43300000000000005,79
327,0.1697473207494014,0.1550239390778467,0.28700000000000003,0.396,79
328,0.14712520625079634,0.1740049515803415,0.345,0.51,79
329,0.28935226294522226,0.17173160229894602,0.364,0.5,79
330,0.20936083963303165,0.16900145185391505,0.31200000000000006,0.532,79
331,0.2553626420402678,0.170093111235637,0.381,0.46499999999999997,79
332,0.1247705205465409,0.17510893876846498,0.31399999999999995,0.488,79
333,0.21750696629761382,0.14830358002858815,0.361,0.44599999999999995,79
334,0.15775153928781444,0.15944810746515212,0.31399999999999995,0.41100000000000003,79
335,0.18685607149578393,0.15852040683360333,0.389,0.548,79
336,0.15552650983906807,0.16969637702815862,0.31899999999999995,0.494,79
337,0.21603014657560043,0.17198316729284996,0.32099999999999995,0.506,79
338,0.3030911784111079,0.16402319660552414,0.396,0.42200000000000004,79
339,0.17528522744746727,0.1618823546075898,0.32199999999999995,0.42200000000000004,79
340,0.22820869986970338,0.18841834771338506,0.28900000000000003,0.643,79
341,0.20553794121721283,0.1750574883706084,0.351,0.527,79
342,0.2791892344455366,0.17220783455064348,0.365,0.51,79
343,0.15377327417097778,0.16615587232048562,0.33999999999999997,0.491,79
344,0.1319176190501879,0.1706197261730505,0.30500000000000005,0.528,79
345,0.2625467578837236,0.16305234551919331,0.29800000000000004,0.5489999999999999,79
346,0.19482049300177975,0.16471230648377283,0.399,0.505,79
347,0.1710902029092323,0.1671013941864583,0.356,0.518,79
348,0.16332562800093411,0.16068198626399613,0.33599999999999997,0.45499999999999996,79
349,0.26106751308700266,0.162132003960183,0.391,0.496,79
350,0.1975463703216692,0.1740181348734527,0.31299999999999994,0.527,79
351,0.2112624543130643,0.16654339827039197,0.362,0.504,79
352,0.19451783236655765,0.16576099928709714,0.353,0.42300000000000004,79
353,0.14919730235930068,0.18163821550004444,0.29900000000000004,0.48,79
354,0.1377779861527658,0.16339799710030053,0.28300000000000003,0.495,79
355,0.1807782705791612,0.17135411371310727,0.33899999999999997,0.476,79
356,0.18750814994435794,0.17429694226856435,0.30700000000000005,0.496,79
357,0.18065392900078842,0.15883833165219594,0.383,0.34199999999999997,79
358,0.1375348279026714,0.15766776683765735,0.367,0.406,79
359,0.24060717721061073,0.16122539753517784,0.32499999999999996,0.391,79
360,0.20567738440317523,0.17096630883727384,0.34099999999999997,0.53,79
361,0.2076883426152334,0.1864218973884762,0.34099999999999997,0.46799999999999997,79
362,0.24939372116361974,0.1611203081287809,0.372,0.42600000000000005,79
363,0.2142796861532501,0.17142909653589172,0.362,0.484,79
364,0.23355119038068228,0.14863952888411275,0.391,0.369,79
365,0.24655478651487414,0.1744802669340039,0.379,0.495,79
366,0.16706846335476697,0.16600636429754628,0.30000000000000004,0.41900000000000004,79
367,0.2503907343259049,0.14784459172185876,0.41300000000000003,0.363,79
368,0.10674274295081944,0.1671606413075117,0.31499999999999995,0.395,79
369,0.16691327227720548,0.1698225734944669,0.31399999999999995,0.44799999999999995,79
370,0.21289848208962056,0.17418068994614877,0.362,0.469,79
371,0.19339235530428034,0.1619265919082102,0.32499999999999996,0.499,79
372,0.1492243433893696,0.16029680502415827,0.359,0.42000000000000004,79
373,0.21528218112063305,0.1909441647217445,0.31599999999999995,0.625,79
374,0.24538359950158323,0.16394482871846008,0.32899999999999996,0.46599999999999997,79
375,0.19034779191638185,0.17897769896562143,0.33999999999999997,0.518,79
376,0.14928489131286615,0.16082530100043202,0.30700000000000005,0.502,79
377,0.25813057936442824,0.17161212738324932,0.42200000000000004,0.538,79
378,0.12435660494781564,0.16726467604933046,0.278,0.516,79
379,0.19827066341076896,0.17036331166714433,0.384,0.479,79
380,0.1609450362842389,0.16953805494095303,0.401,0.494,79
381,0.15074054958293348,0.17015250663940926,0.30400000000000005,0.511,79
382,0.2200544816762394,0.16893677133173127,0.33999999999999997,0.469,79
383,0.20285242589772187,0.176270897225186,0.347,0.476,79
384,0.19505850357955504,0.15949520888190236,0.33399999999999996,0.486,79
385,0.12075569616660288,0.16868320193639005,0.33999999999999997,0.491,79
386,0.17832928755814714,0.1572173774710101,0.35,0.43999999999999995,79
387,0.12815382852443108,0.19950069994921282,0.367,0.5900000000000001,79
388,0.1872513503809291,0.16836656663815447,0.32099999999999995,0.502,79
389,0.2161887471217824,0.18171085783123742,0.33999999999999997,0.5429999999999999,79
390,0.1738660501382379,0.15460368730790164,0.33199999999999996,0.45499999999999996,79
391,0.2246772527129391,0.16912908036540308,0.34099999999999997,0.43500000000000005,79
392,0.19292637247750957,0.16774001846677009,0.353,0.46499999999999997,79
393,0.20423059621081732,0.16820978786797464,0.32099999999999995,0.43999999999999995,79
394,0.14866492598437497,0.16629506030829352,0.353,0.529,79
395,0.25119793457951545,0.16944529790613708,0.32499999999999996,0.42300000000000004,79
396,0.21755131246023598,0.1687628175714293,0.29900000000000004,0.556,79
397,0.1606042438812323,0.1703525631256816,0.33399999999999996,0.516,79
398,0.18132457250908252,0.15907743940750543,0.33299999999999996,0.492,79
399,0.15553498462218956,0.1609114968446634,0.32199999999999995,0.392,79
400,0.18200321363750158,0.1637390532737559,0.28900000000000003,0.41800000000000004,158
401,0.10605245540139997,0.16550798255790367,0.28400000000000003,0.46799999999999997,158
402,0.11999450240327925,0.14724181137019515,0.32499999999999996,0.42000000000000004,158
403,0.0829835375084644,0.13805948858113293,0.29800000000000004,0.32199999999999995,158
404,0.1765268797973665,0.1466148307891087,0.31299999999999994,0.33499999999999996,158
405,0.17619052996226386,0.14334395914436623,0.32399999999999995,0.42000000000000004,158
406,0.06110084861771008,0.13893606874270137,0.272,0.41800000000000004,158
407,0.11851118472209773,0.17716030468739818,0.30300000000000005,0.517,158
408,0.13575737103795044,0.17786265265285728,0.29200000000000004,0.5569999999999999,158
409,0.15140358369530918,0.18339560366469904,0.30300000000000005,0.5920000000000001,158
410,0.20247002694795616,0.15435211880799718,0.33799999999999997,0.478,158
411,0.16959457916373988,0.16625475635337847,0.28500000000000003,0.44799999999999995,158
412,0.11774384491223598,0.13533373113536143,0.30900000000000005,0.32699999999999996,158
413,0.11076547841973938,0.17305854714400123,0.29500000000000004,0.506,158
414,0.17986000743902314,0.1585708068642889,0.32699999999999996,0.42000000000000004,158
415,0.13199626659321473,0.16482166312434493,0.33599999999999997,0.42000000000000004,158
416,0.20654827936811784,0.15533227802090405,0.344,0.379,158
417,0.09137158873816527,0.1454650534730554,0.31299999999999994,0.353,158
418,0.1119086638966079,0.1585663684513744,0.33499999999999996,0.45499999999999996,158
419,0.15155553086113768,0.1640425568394453,0.32199999999999995,0.42800000000000005,158
420,0.09149448227380873,0.16894878481451664,0.29000000000000004,0.46299999999999997,158
421,0.19958435951515557,0.16168634961239475,0.32699999999999996,0.497,158
422,0.13572538602503528,0.15320660057233504,0.345,0.44499999999999995,158
423,0.14353810235674264,0.16182054202140075,0.31999999999999995,0.364,158
424,0.13947527595899326,0.1469971373338848,0.33699999999999997,0.42000000000000004,158
425,0.14624219126034696,0.16796007887916078,0.33999999999999997,0.45199999999999996,158
426,0.12156773214772307,0.15550826829291797,0.31200000000000006,0.45699999999999996,158
427,0.1599041682842013,0.17152985257172595,0.28900000000000003,0.46599999999999997,158
428,0.10063960067844539,0.1753639222420293,0.31699999999999995,0.563,158
429,0.1532570523993307,0.16102085082667955,0.28600000000000003,0.406,158
430,0.13496179628328833,0.15141525091030575,0.28200000000000003,0.43500000000000005,158
431,0.21851473954429249,0.15783203742036267,0.33999999999999997,0.41700000000000004,158
432,0.09555136828298767,0.15527962737775156,0.275,0.42700000000000005,158
433,0.0834028774869248,0.1659432815749404,0.32599999999999996,0.44099999999999995,158
434,0.07459381257499337,0.17390717963901514,0.32599999999999996,0.589,158
435,0.1411086081223545,0.13788303619015618,0.33499999999999996,0.393,158
436,0.1118625017484188,0.16288106588516277,0.32199999999999995,0.512,158
437,0.14336745338500717,0.1812255367955942,0.372,0.5820000000000001,158
438,0.13287417301733787,0.17080092353742055,0.31299999999999994,0.486,158
439,0.09482469798078022,0.15619105449964224,0.267,0.384,158
440,0.10322641215307145,0.1643656157124222,0.32199999999999995,0.483,158
441,0.08865003331976011,0.19187717564461618,0.31000000000000005,0.5760000000000001,158
442,0.12484633956752703,0.16573929559486497,0.31899999999999995,0.45899999999999996,158
443,0.140971880578396,0.1590700122388476,0.263,0.45199999999999996,158
444,0.11396635551707229,0.15321863499218663,0.32799999999999996,0.40700000000000003,158
445,0.16114781539653866,0.16365868553649945,0.346,0.43799999999999994,158
446,0.13388415144790192,0.14493049359592922,0.29100000000000004,0.33599999999999997,158
447,0.13706755927053366,0.1729016811336795,0.32599999999999996,0.522,158
448,0.07946344363033236,0.17435446835622995,0.28900000000000003,0.497,158
449,0.13453389067054342,0.16037653269494964,0.29600000000000004,0.41100000000000003,158
450,0.18843424415512874,0.17001784657570745,0.30000000000000004,0.5549999999999999,158
451,0.12582292855002902,0.1735164616362459,0.31999999999999995,0.48,158
452,0.1031977593144707,0.14696991529971898,0.30700000000000005,0.45299999999999996,158
453,0.13825869811833275,0.16138067637858713,0.32999999999999996,0.45599999999999996,158
454,0.11375113130028097,0.1672868740819656,0.29400000000000004,0.45399999999999996,158
455,0.16812826532141645,0.1702865929721531,0.31799999999999995,0.522,158
456,0.1314123166686055,0.13887255265949913,0.31200000000000006,0.406,158
457,0.10281522044801561,0.1628984306617259,0.348,0.45499999999999996,158
458,0.16814290921163258,0.178555324720771,0.32799999999999996,0.5429999999999999,158
459,0.08559058572011492,0.13283657923740164,0.275,0.44199999999999995,158
460,0.1786965509930212,0.15111761753475283,0.354,0.41100000000000003,158
461,0.10141489979962047,0.19339431467087437,0.30400000000000005,0.489,158
462,0.13503166522415969,0.15928314643051078,0.373,0.44699999999999995,158
463,0.09442539489194812,0.15649863492024496,0.30400000000000005,0.401,158
464,0.10571833464953795,0.15622745015677436,0.281,0.45299999999999996,158
465,0.13214763150438336,0.15792112640479963,0.29100000000000004,0.497,158
466,0.10533418312929625,0.15646078632351762,0.32799999999999996,0.43300000000000005,158
467,0.09374910546553519,0.16502318860724272,0.28,0.538,158
468,0.13186196631140704,0.15630347589135332,0.29400000000000004,0.42100000000000004,158
469,0.11388010105166452,0.15597223105625496,0.31999999999999995,0.52,158
470,0.1033529802139152,0.13435280519379889,0.30500000000000005,0.29500000000000004,158
471,0.10463822329706952,0.1563626999298083,0.30800000000000005,0.44099999999999995,158
472,0.1373465445656477,0.17083140680909095,0.255,0.513,158
473,0.15215311144280713,0.16153450119712368,0.277,0.477,158
474,0.13086040849198263,0.1811714706594648,0.31799999999999995,0.5840000000000001,158
475,0.1800889065089956,0.16067171817734782,0.34299999999999997,0.33099999999999996,158
476,0.1209469320323543,0.17355335240721706,0.27,0.46499999999999997,158
477,0.11677611635307134,0.1557293912392402,0.30200000000000005,0.372,158
478,0.12292169406689091,0.1801150485793185,0.31000000000000005,0.622,158
479,0.10478283080580389,0.17899701899091222,0.32299999999999995,0.5389999999999999,158
480,0.20835508687325208,0.16989271776330603,0.34099999999999997,0.504,158
481,0.14527673204196445,0.1616428890507573,0.31799999999999995,0.46499999999999997,158
482,0.12555526282076565,0.1388110405106003,0.29900000000000004,0.28700000000000003,158
483,0.09429651203146001,0.16634314763842023,0.30800000000000005,0.536,158
484,0.20253306397806306,0.16999859736020947,0.32399999999999995,0.493,158
485,0.11032411648464492,0.1678247798180347,0.29400000000000004,0.41400000000000003,158
486,0.10956815002776034,0.16344171230454413,0.31899999999999995,0.5529999999999999,158
487,0.19773970457358003,0.15792603748762066,0.355,0.43999999999999995,158
488,0.13243657544029727,0.14077102530467758,0.28900000000000003,0.346,158
489,0.12774088806515607,0.14521167872345392,0.266,0.39,158
490,0.15555984724931796,0.1642136122209187,0.32999999999999996,0.476,158
491,0.12234065218272762,0.15379701636291065,0.31699999999999995,0.405,158
492,0.08244145441293499,0.19784236265519983,0.31399999999999995,0.5800000000000001,158
493,0.14445737689042304,0.16957639993270923,0.346,0.471,158
494,0.12096740722525168,0.15760706016960674,0.33499999999999996,0.41000000000000003,158
495,0.1292236062557727,0.1685401816877419,0.32899999999999996,0.513,158
496,0.14060261495425913,0.16236168796309064,0.31399999999999995,0.371,158
497,0.1049010435406141,0.16209109875604635,0.29600000000000004,0.494,158
498,0.18391702453645087,0.16593145674404466,0.30700000000000005,0.44699999999999995,158
499,0.11983716497260873,0.15589607378039955,0.31200000000000006,0.41100000000000003,158
500,0.10858730609252465,0.13571368463604377,0.28800000000000003,0.352,315
501,0.07047256656958485,0.13218523007807143,0.29200000000000004,0.388,315
502,0.1120793025496522,0.166242711524055,0.29600000000000004,0.498,315
503,0.10183695340480568,0.15253642363873057,0.29600000000000004,0.41200000000000003,315
504,0.10342403859639902,0.1579220246219916,0.31399999999999995,0.399,315
505,0.06440706747738174,0.1298907790478051,0.29400000000000004,0.32099999999999995,315
506,0.08363611931077693,0.17676220168902726,0.31799999999999995,0.482,315
507,0.10201375072592041,0.15163133951667576,0.28500000000000003,0.43999999999999995,315
508,0.086627070178158,0.16822875949218039,0.272,0.475,315
509,0.1110889439107809,0.1495376404042705,0.33399999999999996,0.41600000000000004,315
510,0.1038583069329361,0.1531282052987299,0.30200000000000005,0.42400000000000004,315
511,0.08762319820097295,0.14518457810887778,0.29100000000000004,0.402,315
512,0.0674585205285603,0.1735987291489988,0.268,0.522,315
513,0.09421233720124851,0.17038994715805922,0.30300000000000005,0.46699999999999997,315
514,0.14183757316998657,0.14836638385490575,0.29300000000000004,0.41000000000000003,315
515,0.10329725333654793,0.14698817661985764,0.28300000000000003,0.44399999999999995,315
516,0.08980051378159909,0.1468264511673398,0.29800000000000004,0.39,315
517,0.09822743870471855,0.1526604493163218,0.29300000000000004,0.476,315
518,0.12572041161197597,0.14268117298792982,0.28600000000000003,0.42700000000000005,315
519,0.08050914789416039,0.15063347920022968,0.276,0.44099999999999995,315
520,0.06579576622248591,0.13108637436856263,0.262,0.33899999999999997,315
521,0.08104875807975573,0.16224445192093176,0.29300000000000004,0.471,315
522,0.06595248349598953,0.16704447559919952,0.28300000000000003,0.42000000000000004,315
523,0.08608151652668035,0.1481717020543377,0.29900000000000004,0.393,315
524,0.10852728880183013,0.15275508590218972,0.33699999999999997,0.41300000000000003,315
525,0.08336850979137438,0.16267731940848507,0.32599999999999996,0.405,315
526,0.1022239250882149,0.11491346739606553,0.29900000000000004,0.383,315
527,0.0871976864128977,0.16750688829451293,0.28700000000000003,0.42300000000000004,315
528,0.08580476372182505,0.17679236517457186,0.277,0.53,315
529,0.10561101253925949,0.16928067194297478,0.30800000000000005,0.49,315
530,0.07396005965221943,0.15683829586350378,0.29000000000000004,0.392,315
531,0.09569318612827449,0.14844717692223502,0.31100000000000005,0.401,315
532,0.09548402027654324,0.15035565524040642,0.29800000000000004,0.31299999999999994,315
533,0.05789664478805838,0.15948890073458735,0.30900000000000005,0.508,315
534,0.11594048599131224,0.17426202517281858,0.31999999999999995,0.514,315
535,0.12312117134673559,0.16881342828673546,0.31200000000000006,0.41600000000000004,315
536,0.1117524391648617,0.16560297215876177,0.29800000000000004,0.49,315
537,0.10544511539428368,0.1584303621315033,0.28300000000000003,0.405,315
538,0.0974049219797535,0.15652312845672098,0.31599999999999995,0.41200000000000003,315
539,0.06682991241198577,0.17125672928132316,0.28600000000000003,0.471,315
540,0.11713788983238572,0.1440513020028324,0.31999999999999995,0.41100000000000003,315
541,0.06264592512397221,0.14429108428429413,0.28400000000000003,0.363,315
542,0.09410622358415688,0.1606576251828416,0.29100000000000004,0.402,315
543,0.06605208862188425,0.15860878662369324,0.29000000000000004,0.481,315
544,0.10307094528629794,0.1590999089209222,0.29000000000000004,0.355,315
545,0.0994808039435388,0.15265171979738226,0.28900000000000003,0.372,315
546,0.08296379128967324,0.1196490384373218,0.30800000000000005,0.31100000000000005,315
547,0.10168405828125011,0.14190194896535901,0.28900000000000003,0.394,315
548,0.09538108098678,0.1450563467596528,0.33499999999999996,0.41700000000000004,315
549,0.06827628325101316,0.1546125126261931,0.251,0.48,315
550,0.0695912658810663,0.13844567400112023,0.29400000000000004,0.388,315
551,0.10264432792569476,0.15232986649114533,0.30800000000000005,0.31000000000000005,315
552,0.12356636128017306,0.14833555677283441,0.30400000000000005,0.403,315
553,0.08233471992592402,0.15611076743285687,0.28500000000000003,0.42000000000000004,315
554,0.07338550446361482,0.142611483537136,0.31299999999999994,0.354,315
555,0.11034710254214954,0.12477242373977616,0.29300000000000004,0.33399999999999996,315
556,0.09152643716349532,0.13406883720124235,0.30400000000000005,0.406,315
557,0.08307548412840116,0.1388937801685546,0.274,0.399,315
558,0.09269904795831427,0.1341362875886438,0.29300000000000004,0.396,315
559,0.1001741821000724,0.12335158342305334,0.29300000000000004,0.30200000000000005,315
560,0.1003964427458336,0.15818987895659709,0.274,0.381,315
561,0.10810673690793166,0.16322118160237062,0.31100000000000005,0.369,315
562,0.053343928942095394,0.14245945383304168,0.28900000000000003,0.4,315
563,0.07281198170264576,0.1575870549381538,0.29300000000000004,0.404,315
564,0.115453423277915,0.14917450617424258,0.30600000000000005,0.46099999999999997,315
565,0.08006563122740215,0.13184370964919345,0.29700000000000004,0.365,315
566,0.07646040344633659,0.14770061329343337,0.28400000000000003,0.371,315
567,0.12291560223220423,0.16655330505015883,0.264,0.44099999999999995,315
568,0.07826783708170797,0.14482782151931584,0.29100000000000004,0.33699999999999997,315
569,0.10632271563637062,0.17196753068389356,0.28200000000000003,0.532,315
570,0.06899792108124073,0.18121838832117504,0.272,0.581,315
571,0.11276430993387479,0.15034598641376676,0.31699999999999995,0.42100000000000004,315
572,0.09813469065651854,0.16736358994209918,0.30200000000000005,0.493,315
573,0.08440944710746989,0.1445815416377718,0.28900000000000003,0.44399999999999995,315
574,0.13184746719919704,0.14433322053200048,0.31299999999999994,0.41900000000000004,315
575,0.07449680043686129,0.1637905136185698,0.27,0.45599999999999996,315
576,0.08010581490627862,0.16654820920110164,0.29400000000000004,0.42300000000000004,315
577,0.08924694014971285,0.15306101111964163,0.28,0.44299999999999995,315
578,0.07178901937800178,0.17190133118618742,0.273,0.501,315
579,0.07465011317324036,0.14627513558291416,0.29200000000000004,0.31499999999999995,315
580,0.07619596332370805,0.1533065466294311,0.30200000000000005,0.382,315
581,0.07263306827699474,0.15401729534269767,0.275,0.378,315
582,0.08846490441936213,0.1610516272752834,0.29400000000000004,0.494,315
583,0.0993509639188776,0.14728608517781047,0.30500000000000005,0.361,315
584,0.08236798674671585,0.17099969480169583,0.29200000000000004,0.48,315
585,0.07608572930819307,0.17019310056344897,0.29400000000000004,0.41300000000000003,315
586,0.07360470487557272,0.14430503193555588,0.28600000000000003,0.33299999999999996,315
587,0.1262527599564854,0.11931601192620561,0.30400000000000005,0.31999999999999995,315
588,0.09590145382277192,0.11069967883701347,0.30600000000000005,0.29400000000000004,315
589,0.09792052126038758,0.15368116436799217,0.28300000000000003,0.394,315
590,0.12192786886876517,0.17044767823248813,0.29300000000000004,0.502,315
591,0.062329794482097446,0.1485923533971715,0.31200000000000006,0.479,315
592,0.08038916517797619,0.15783859237361517,0.30900000000000005,0.402,315
593,0.12241797723922086,0.16291718403996938,0.34199999999999997,0.476,315
594,0.07969780948404466,0.14591675760911083,0.29700000000000004,0.41200000000000003,315
595,0.07010356847811416,0.08695157076775573,0.28600000000000003,0.30400000000000005,315
596,0.10143743849363575,0.15980363963788521,0.29400000000000004,0.42900000000000005,315
597,0.12224147931841647,0.15920067225201903,0.31299999999999994,0.525,315
598,0.08712342991561701,0.15691317328040577,0.271,0.45499999999999996,315
599,0.08299663262448055,0.14347089571274432,0.29400000000000004,0.346,315
600,0.0909488203937995,0.13770139071813978,0.29700000000000004,0.348,629
601,0.06785262922363382,0.13063609834737552,0.264,0.30500000000000005,629
602,0.09865113113005292,0.09577285302346047,0.29200000000000004,0.28400000000000003,629
603,0.06952138534235607,0.15654329720317373,0.31599999999999995,0.41700000000000004,629
604,0.08262603022730307,0.11774794740827975,0.272,0.30000000000000004,629
605,0.07094484556461839,0.12637388522040335,0.28600000000000003,0.4,629
606,0.08285715706844415,0.13032088404445225,0.274,0.33699999999999997,629
607,0.07038071837939201,0.12876070506347045,0.28800000000000003,0.32699999999999996,629
608,0.09238393705847987,0.1328393830078475,0.28500000000000003,0.352,629
609,0.09225105620522753,0.1410653319900846,0.29600000000000004,0.42200000000000004,629
610,0.07514831476375744,0.14291592266107814,0.29200000000000004,0.41900000000000004,629
611,0.04956421504070928,0.07529767616876253,0.30600000000000005,0.267,629
612,0.06073640351616729,0.1102484882393805,0.28900000000000003,0.29200000000000004,629
613,0.07071870897858347,0.11386492076233112,0.29900000000000004,0.277,629
614,0.0692219959913862,0.1287527009634951,0.29600000000000004,0.42100000000000004,629
615,0.07837799889151462,0.12164677702798586,0.28800000000000003,0.31899999999999995,629
616,0.06891168356717566,0.14893899264339536,0.274,0.42400000000000004,629
617,0.05675894245116402,0.15494987670301325,0.275,0.42800000000000005,629
618,0.08141321481940794,0.1445494196874719,0.28900000000000003,0.42900000000000005,629
619,0.08560074820696267,0.076282837372138,0.27,0.265,629
620,0.07051743855829817,0.13434156863822497,0.31499999999999995,0.406,629
621,0.05875325297727223,0.1251773880918451,0.269,0.405,629
622,0.09017105577362966,0.1164434538727178,0.29300000000000004,0.30200000000000005,629
623,0.08560444802939529,0.14550912055581022,0.28,0.356,629
624,0.09165136507549647,0.11434465372253014,0.29500000000000004,0.405,629
625,0.08510480821485554,0.09958775163657786,0.28800000000000003,0.29000000000000004,629
626,0.07848217768867319,0.16694802626626654,0.29400000000000004,0.5,629
627,0.05741344110802519,0.13095214140399855,0.29500000000000004,0.4,629
628,0.07373806267385928,0.13910180829591628,0.28500000000000003,0.395,629
629,0.05981264172655679,0.1350525021117577,0.28800000000000003,0.401,629
630,0.08893616531921693,0.1451400985918791,0.30200000000000005,0.31499999999999995,629
631,0.07405042988709612,0.11580829295097939,0.29100000000000004,0.30500000000000005,629
632,0.06747904381283773,0.15748233656141686,0.277,0.397,629
633,0.10245273697105375,0.09730944105355664,0.29000000000000004,0.28200000000000003,629
634,0.05244187739918864,0.08341473290855525,0.268,0.29400000000000004,629
635,0.06303775546063346,0.14479260045777168,0.29200000000000004,0.386,629
636,0.056783232445210274,0.10210030720659495,0.28900000000000003,0.31399999999999995,629
637,0.05968393756575209,0.1487602126213939,0.29000000000000004,0.363,629
638,0.06422116810104855,0.14160142185259864,0.30000000000000004,0.363,629
639,0.08224168939672773,0.15080983861143468,0.30700000000000005,0.35,629
640,0.054704060504277965,0.12067538751673196,0.28,0.32899999999999996,629
641,0.06022283080951681,0.1255282790676586,0.28300000000000003,0.32599999999999996,629
642,0.06006720279547287,0.13972049708449102,0.273,0.31299999999999994,629
643,0.08265290556834233,0.14843470447598203,0.27,0.39,629
644,0.0873615755130043,0.14309073409224599,0.29700000000000004,0.33599999999999997,629
645,0.0513070247235529,0.14748857874954255,0.28900000000000003,0.42500000000000004,629
646,0.06720201848708603,0.13574836406972915,0.266,0.393,629
647,0.0767671687008305,0.08089252488605723,0.265,0.31699999999999995,629
648,0.06490684222144831,0.14634552741494236,0.28400000000000003,0.363,629
649,0.08622329934353683,0.13898322273080096,0.31599999999999995,0.397,629
650,0.08783300506015558,0.11557196162358041,0.266,0.33099999999999996,629
651,0.058344556372134024,0.1365555780020873,0.29000000000000004,0.364,629
652,0.07423388190661977,0.14886600884979778,0.28900000000000003,0.393,629
653,0.07689678744170339,0.14398342690786697,0.28500000000000003,0.389,629
654,0.06671507743257359,0.13273159677526442,0.281,0.402,629
655,0.04980931301178789,0.12437038014427523,0.30800000000000005,0.30400000000000005,629
656,0.05382008650523222,0.12481699394930004,0.29300000000000004,0.32799999999999996,629
657,0.09051611593110162,0.1396071468588448,0.30400000000000005,0.41500000000000004,629
658,0.06482927477623644,0.14487821776064286,0.29900000000000004,0.383,629
659,0.09291111695414594,0.1454622429130776,0.29300000000000004,0.401,629
660,0.0890308593611753,0.1528314099940135,0.29200000000000004,0.42200000000000004,629
661,0.07592204634701065,0.13485298178022095,0.30200000000000005,0.359,629
662,0.0781217848164738,0.1363021777699376,0.278,0.387,629
663,0.06582078592957896,0.12247394983046962,0.278,0.30300000000000005,629
664,0.08997091803159385,0.1267001416059775,0.266,0.40700000000000003,629
665,0.06890466586544439,0.14465852358765235,0.29200000000000004,0.383,629
666,0.06610988632688415,0.11226914591802983,0.254,0.29700000000000004,629
667,0.08494986326454558,0.13931548075143105,0.281,0.31899999999999995,629
668,0.05565665479512845,0.13875409673929417,0.29400000000000004,0.399,629
669,0.0750210340994187,0.10911106002539092,0.29300000000000004,0.29400000000000004,629
670,0.07481570251716022,0.11509252132029245,0.31000000000000005,0.29000000000000004,629
671,0.06377927672788125,0.13238109428213127,0.28600000000000003,0.33399999999999996,629
672,0.07683698381974893,0.13384386524438832,0.28700000000000003,0.30100000000000005,629
673,0.06458437097751836,0.12547423455547155,0.252,0.375,629
674,0.07694615023522451,0.1666143012604613,0.29800000000000004,0.43500000000000005,629
675,0.0971253706044278,0.1308324455382403,0.29200000000000004,0.357,629
676,0.0547229588470433,0.149266579740866,0.28400000000000003,0.42000000000000004,629
677,0.07550367621633923,0.13435449209138972,0.28600000000000003,0.406,629
678,0.0660886769292153,0.11931494533724715,0.29600000000000004,0.31100000000000005,629
679,0.08485286816102179,0.1069248617157113,0.30800000000000005,0.28900000000000003,629
680,0.05300266477209461,0.14082036377463492,0.278,0.398,629
681,0.05241630703267589,0.13175730513222778,0.28800000000000003,0.33699999999999997,629
682,0.07822306037639996,0.09610856668470354,0.258,0.29400000000000004,629
683,0.09932654633129218,0.15153210271824774,0.28700000000000003,0.41700000000000004,629
684,0.08381340715717721,0.13810953418005517,0.30300000000000005,0.345,629
685,0.07248559567046227,0.12983457281058078,0.268,0.367,629
686,0.07726211917195057,0.15680039202627666,0.262,0.45999999999999996,629
687,0.061053326852835925,0.10560612416395553,0.28700000000000003,0.29000000000000004,629
688,0.06837045978476458,0.11441497353514425,0.29900000000000004,0.31799999999999995,629
689,0.07913340557850868,0.12936926022348091,0.29200000000000004,0.401,629
690,0.06374462391444433,0.1686163733048452,0.29100000000000004,0.517,629
691,0.07960733354558548,0.16150413025125346,0.31799999999999995,0.45999999999999996,629
692,0.060388345788815724,0.15725368103334764,0.29900000000000004,0.514,629
693,0.06206148935156191,0.1352542419881419,0.28300000000000003,0.272,629
694,0.05675303952501858,0.1471306740599676,0.29000000000000004,0.38,629
695,0.06472032707667555,0.14444060782606924,0.265,0.41900000000000004,629
696,0.05910965592294935,0.16478529400430486,0.256,0.42300000000000004,629
697,0.06283843889444812,0.11706858753203069,0.26,0.32099999999999995,629
698,0.06006496072469705,0.13481276301833123,0.30200000000000005,0.33599999999999997,629
699,0.07813969931087193,0.12756194480150068,0.30100000000000005,0.32599999999999996,629
700,0.06403551258860779,0.08002727504788254,0.263,0.277,1256
701,0.07163106237481767,0.09368983813306168,0.28500000000000003,0.281,1256
702,0.04467143211585054,0.10836756059069928,0.263,0.31699999999999995,1256
703,0.06769709720336005,0.147378185885669,0.274,0.393,1256
704,0.03807245964591858,0.10871901250490781,0.275,0.387,1256
705,0.05475026709840053,0.11630236836377791,0.276,0.42100000000000004,1256
706,0.07334636372446451,0.11537289264244817,0.279,0.30800000000000005,1256
707,0.04664639641896373,0.11995602833156466,0.30400000000000005,0.31899999999999995,1256
708,0.07113585261385567,0.053715692065990736,0.28600000000000003,0.278,1256
709,0.0472020687724998,0.1119638164660029,0.267,0.383,1256
710,0.049339797777779,0.10302693555198704,0.28500000000000003,0.32099999999999995,1256
711,0.06812538388750083,0.14759026806454048,0.269,0.4,1256
712,0.048351850817277685,0.11291583218003001,0.262,0.369,1256
713,0.07488228629593292,0.11438022787051025,0.281,0.42400000000000004,1256
714,0.053933413530720405,0.08067246418902332,0.31100000000000005,0.29900000000000004,1256
715,0.03694482943040105,0.08540506717554523,0.28200000000000003,0.28800000000000003,1256
716,0.05537029180210125,0.10220171194114183,0.29200000000000004,0.40900000000000003,1256
717,0.05777624361089542,0.0653064348649652,0.271,0.29100000000000004,1256
718,0.06577742523329819,0.05670030637783594,0.29900000000000004,0.28400000000000003,1256
719,0.04927802998658363,0.1702706846583339,0.28600000000000003,0.495,1256
720,0.04522625087854561,0.07256489077240584,0.28,0.29400000000000004,1256
721,0.04128324569230274,0.11879975202887881,0.28200000000000003,0.32399999999999995,1256
722,0.06552688403463403,0.1088852201493898,0.29500000000000004,0.389,1256
723,0.04686778556065495,0.1265448339175674,0.263,0.395,1256
724,0.06379003591222587,0.04531488586835419,0.29800000000000004,0.279,1256
725,0.050509089951274545,0.13798810792512417,0.28900000000000003,0.41300000000000003,1256
726,0.04870844484755158,0.09689599041970905,0.28,0.29100000000000004,1256
727,0.047659710416398854,0.08712824805315128,0.277,0.279,1256
728,0.05434149088877636,0.13420103213637935,0.28600000000000003,0.363,1256
729,0.05392230385774647,0.14476574338499917,0.263,0.42900000000000005,1256
730,0.05641938422290194,0.09303732558417242,0.275,0.29200000000000004,1256
731,0.03122736107598028,0.15096805516178527,0.268,0.395,1256
732,0.06567189128026683,0.17030912368099435,0.262,0.507,1256
733,0.05274283939945711,0.14718433774806974,0.267,0.41000000000000003,1256
734,0.058723281578353756,0.06262290495451857,0.265,0.29500000000000004,1256
735,0.06217324817409162,0.1082764510838336,0.31499999999999995,0.31100000000000005,1256
736,0.051700308457691024,0.10427832615221419,0.29400000000000004,0.29400000000000004,1256
737,0.054199743155170094,0.10979507604552448,0.28600000000000003,0.40800000000000003,1256
738,0.04941320557196283,0.1566339079496926,0.257,0.386,1256
739,0.05769490486001505,0.11439045360479608,0.275,0.348,1256
740,0.07175466324094061,0.17035028703725952,0.28,0.46099999999999997,1256
741,0.04605932575697013,0.10319803570342076,0.30100000000000005,0.393,1256
742,0.05536100097152117,0.10770126333129267,0.28200000000000003,0.30500000000000005,1256
743,0.060618874568430764,0.05686391712782483,0.29800000000000004,0.253,1256
744,0.05187740409939919,0.09431954400726168,0.28600000000000003,0.31299999999999994,1256
745,0.04671352049071257,0.12694574071711417,0.251,0.388,1256
746,0.06668249678171452,0.1332529392229205,0.264,0.354,1256
747,0.05121026168908833,0.0965433943376373,0.273,0.31899999999999995,1256
748,0.048956422447794405,0.11272650474895342,0.28400000000000003,0.41600000000000004,1256
749,0.06601744043388591,0.10129579831087213,0.28,0.399,1256
750,0.05639498759168531,0.10726001610788401,0.272,0.30100000000000005,1256
751,0.04823421874675105,0.07597933961994718,0.28600000000000003,0.30600000000000005,1256
752,0.04694515307261151,0.09071159465232789,0.27,0.31299999999999994,1256
753,0.055397173562081334,0.05832137875431221,0.247,0.28500000000000003,1256
754,0.05707457628232038,0.06457082448908619,0.29000000000000004,0.259,1256
755,0.04843076772024383,0.10902746504713573,0.275,0.394,1256
756,0.06820766401142186,0.13293519715750987,0.258,0.4,1256
757,0.04551898688475166,0.14427232003998952,0.259,0.43100000000000005,1256
758,0.05016333122243563,0.13204245222366373,0.264,0.378,1256
759,0.04417774785853673,0.11711578061563027,0.272,0.33899999999999997,1256
760,0.046448004296111504,0.14255336637603727,0.29800000000000004,0.404,1256
761,0.05821638207901174,0.0656506589018698,0.278,0.29100000000000004,1256
762,0.0321647705346985,0.10507203874877356,0.275,0.269,1256
763,0.05927884529469911,0.1331112308193295,0.253,0.384,1256
764,0.058199159377156154,0.12910326362583832,0.275,0.401,1256
765,0.04805758174481776,0.06603206373514967,0.29500000000000004,0.28300000000000003,1256
766,0.05457476541205373,0.11260893070269916,0.276,0.30200000000000005,1256
767,0.058388865685317204,0.11644591128288286,0.277,0.42000000000000004,1256
768,0.057322874651708065,0.056438659219040746,0.28700000000000003,0.29100000000000004,1256
769,0.05018689642817762,0.12146520205126501,0.262,0.41700000000000004,1256
770,0.06455215862293531,0.08443949577288344,0.262,0.29300000000000004,1256
771,0.03762319570649475,0.08790213279797948,0.28,0.28700000000000003,1256
772,0.04890922810564513,0.11848578328906832,0.27,0.31799999999999995,1256
773,0.04855228864757032,0.09859445956835321,0.29100000000000004,0.271,1256
774,0.052208408104070736,0.11440510701058705,0.28500000000000003,0.34099999999999997,1256
775,0.048273923689043416,0.1129951992284748,0.28200000000000003,0.389,1256
776,0.049441712867336764,0.09248276541030138,0.277,0.28700000000000003,1256
777,0.04545904722095108,0.09802215719464168,0.28500000000000003,0.368,1256
778,0.057272299769592715,0.11071131010900943,0.28500000000000003,0.39,1256
779,0.0508283617548851,0.11206881738583535,0.263,0.346,1256
780,0.05036493195198781,0.0766640680309729,0.267,0.271,1256
781,0.037966182735526016,0.0735231590020178,0.274,0.273,1256
782,0.051897395730755226,0.13418768136511225,0.262,0.379,1256
783,0.051231776045573905,0.07390408382214468,0.27,0.269,1256
784,0.043997755311268504,0.05740565191234086,0.262,0.266,1256
785,0.04540413970199638,0.13657896372545103,0.268,0.382,1256
786,0.05621807855136309,0.13734048121862633,0.29300000000000004,0.389,1256
787,0.06122521794917199,0.07560439736254317,0.273,0.28700000000000003,1256
788,0.055636319294638074,0.1248296120709763,0.276,0.41300000000000003,1256
789,0.04217083289765531,0.07750272242013438,0.281,0.279,1256
790,0.03515378610364938,0.10891930825407416,0.271,0.31100000000000005,1256
791,0.0653338178967617,0.11437398158418866,0.28400000000000003,0.29800000000000004,1256
792,0.05909508373549033,0.07014913951549478,0.265,0.277,1256
793,0.051081337988775496,0.06562658190683318,0.278,0.29400000000000004,1256
794,0.04278062315922093,0.07867861703777314,0.262,0.29900000000000004,1256
795,0.04643219073098509,0.13721927198938172,0.22599999999999998,0.39,1256
796,0.04281302630839726,0.11412456075462125,0.264,0.30300000000000005,1256
797,0.054597126708722146,0.11609309561319228,0.28700000000000003,0.30200000000000005,1256
798,0.05736765158604494,0.11613880855829736,0.29100000000000004,0.30500000000000005,1256
799,0.058937185930937525,0.06276982318871005,0.279,0.29800000000000004,1256
800,0.03542093198399614,0.05176071685091848,0.276,0.263,2506
801,0.04898727217525871,0.05024088755756118,0.249,0.28500000000000003,2506
802,0.039553682471945725,0.1253241416700949,0.29700000000000004,0.369,2506
803,0.04621459007695572,0.12351986306667423,0.28200000000000003,0.391,2506
804,0.03455313861386605,0.0578305167644021,0.269,0.272,2506
805,0.03933282216566707,0.09901052583647013,0.274,0.391,2506
806,0.056445491076442304,0.05389302295833496,0.279,0.261,2506
807,0.023739958648228986,0.06848108119984472,0.30300000000000005,0.29100000000000004,2506
808,0.03473906936494707,0.04909545329036873,0.23399999999999999,0.263,2506
809,0.04155811472190765,0.03457856212872263,0.244,0.264,2506
810,0.04062230469471476,0.04675078508322952,0.273,0.28700000000000003,2506
811,0.03871947312775142,0.06201824116230009,0.247,0.281,2506
812,0.060425398100210144,0.10093124616744002,0.271,0.389,2506
813,0.03485318845033149,0.049084916499493966,0.254,0.28600000000000003,2506
814,0.04890374284517921,0.09662206530185594,0.277,0.374,2506
815,0.04266728824094755,0.06204318150736946,0.256,0.29900000000000004,2506
816,0.04729876009887433,0.10786300417776497,0.28700000000000003,0.31799999999999995,2506
817,0.05467095260291264,0.04654961658038195,0.279,0.263,2506
818,0.043818449731806874,0.06417275841942666,0.28400000000000003,0.27,2506
819,0.05130976548210018,0.05443146177570324,0.277,0.29800000000000004,2506
820,0.04974383749735968,0.06930682310086661,0.28,0.28400000000000003,2506
821,0.04166632446717627,0.0876378195051812,0.276,0.276,2506
822,0.047983667050197,0.13850444840826168,0.29000000000000004,0.42800000000000005,2506
823,0.04923310869362451,0.03887670219280885,0.269,0.266,2506
824,0.04196183308393134,0.05313952995379427,0.253,0.28600000000000003,2506
825,0.03942081473566724,0.05957863199244471,0.255,0.30600000000000005,2506
826,0.0509985242927033,0.08458337673736885,0.29200000000000004,0.29400000000000004,2506
827,0.03863627128305012,0.09862663303055419,0.28600000000000003,0.376,2506
828,0.03692520753729052,0.06683333484803904,0.276,0.248,2506
829,0.05059956679502704,0.06638877709329767,0.28,0.29300000000000004,2506
830,0.048958871195643225,0.10604858185631338,0.31999999999999995,0.31499999999999995,2506
831,0.046262456785184494,0.09739002364446714,0.268,0.376,2506
832,0.046276923311013914,0.058125550489331705,0.28200000000000003,0.266,2506
833,0.05101952393851358,0.06935152114258328,0.258,0.28500000000000003,2506
834,0.0465478643976638,0.05813404463191446,0.257,0.28200000000000003,2506
835,0.03935706098110234,0.08794778940309222,0.267,0.265,2506
836,0.05223788739799458,0.08518600646257664,0.28600000000000003,0.30100000000000005,2506
837,0.05260841961892113,0.14032517125398916,0.273,0.371,2506
838,0.04812236315408436,0.10261586333247616,0.274,0.385,2506
839,0.052451371607260995,0.10913104175918763,0.256,0.31999999999999995,2506
840,0.034258939970552224,0.08491345379416404,0.267,0.29200000000000004,2506
841,0.031119980929826044,0.1325782971621714,0.28,0.38,2506
842,0.04291755609279417,0.12958171679909317,0.261,0.394,2506
843,0.05598073036254237,0.06093309919274402,0.277,0.28900000000000003,2506
844,0.03262042245299851,0.06903330062645324,0.273,0.252,2506
845,0.03446655351172979,0.09918395037192156,0.30800000000000005,0.385,2506
846,0.04788430052684698,0.10721718719146299,0.259,0.32299999999999995,2506
847,0.04603037494402658,0.0453850206183133,0.249,0.272,2506
848,0.047568894071074,0.10487263779755192,0.271,0.368,2506
849,0.04537822862635287,0.102950091531154,0.257,0.388,2506
850,0.03925480516601094,0.04769215883251312,0.267,0.246,2506
851,0.0329622329534047,0.0321476665121954,0.28300000000000003,0.277,2506
852,0.0377991208938862,0.04382517147337305,0.263,0.28500000000000003,2506
853,0.052102195597089125,0.051619107029159374,0.271,0.252,2506
854,0.04373869915629767,0.047850970259658995,0.267,0.31699999999999995,2506
855,0.04647630600470088,0.07428961115088419,0.257,0.269,2506
856,0.03942045686009541,0.042732043405106036,0.277,0.276,2506
857,0.035919251427964635,0.10770671658962276,0.268,0.30600000000000005,2506
858,0.04142050807702262,0.13433575777132317,0.28,0.395,2506
859,0.04634985963353347,0.04525933267229582,0.266,0.29100000000000004,2506
860,0.04306157622024656,0.11375294171332109,0.29000000000000004,0.38,2506
861,0.0359007711036948,0.10044889955912774,0.269,0.386,2506
862,0.04831597303075394,0.08271438718074837,0.259,0.30200000000000005,2506
863,0.05540177938034164,0.12557781000024365,0.29600000000000004,0.385,2506
864,0.04803550604755157,0.045164995501416276,0.281,0.264,2506
865,0.03450641650093941,0.04863111181852473,0.269,0.264,2506
866,0.03532994171086132,0.07085372595093002,0.258,0.269,2506
867,0.05200702785522717,0.050454669956754766,0.29200000000000004,0.28900000000000003,2506
868,0.049433691943574,0.127675991920324,0.273,0.384,2506
869,0.044588834032588905,0.05243881706359503,0.271,0.257,2506
870,0.04340656229244306,0.08924764000166462,0.28500000000000003,0.347,2506
871,0.03282614275698496,0.10326098230149992,0.257,0.404,2506
872,0.061113064348673085,0.04900274581039749,0.244,0.26,2506
873,0.0430217988866537,0.05708118267748847,0.30100000000000005,0.28200000000000003,2506
874,0.04137945221205533,0.03730669099051524,0.272,0.277,2506
875,0.05108947034111444,0.06014798805503293,0.29600000000000004,0.29000000000000004,2506
876,0.04422273013594356,0.12934637169644683,0.266,0.38,2506
877,0.038921218404768136,0.14433725815997256,0.266,0.41400000000000003,2506
878,0.04797995866483709,0.04566555720268095,0.271,0.277,2506
879,0.042242986556919146,0.13038367019041813,0.29400000000000004,0.364,2506
880,0.04322769346316052,0.09879929878688239,0.29100000000000004,0.42300000000000004,2506
881,0.04322021513108932,0.03867196440402576,0.274,0.28600000000000003,2506
882,0.04691378349591638,0.056333065582319417,0.28300000000000003,0.29000000000000004,2506
883,0.04408504497555383,0.13155887757623722,0.271,0.395,2506
884,0.04843838551570074,0.1323776553832509,0.30000000000000004,0.4,2506
885,0.03570289289517204,0.0674866640460418,0.269,0.28300000000000003,2506
886,0.04412227614823405,0.054935080354307844,0.257,0.29700000000000004,2506
887,0.04822670802214036,0.1704787748265664,0.275,0.495,2506
888,0.046923087936635306,0.10465582069964116,0.268,0.394,2506
889,0.04470720228453581,0.05100511328196564,0.29300000000000004,0.30500000000000005,2506
890,0.05109145771353328,0.057760105326173226,0.25,0.265,2506
891,0.04683179563087277,0.0982665450488258,0.29300000000000004,0.374,2506
892,0.04475976280790747,0.13084863718390177,0.269,0.361,2506
893,0.03872646902193004,0.0467334550863278,0.258,0.271,2506
894,0.04014886201111973,0.08634196077241729,0.268,0.28200000000000003,2506
895,0.042779767928880386,0.13476600310416473,0.26,0.406,2506
896,0.03588372397738011,0.05186406552726068,0.258,0.274,2506
897,0.039708180118853485,0.10943153019052808,0.275,0.404,2506
898,0.0459584766322415,0.09529733098057838,0.272,0.398,2506
899,0.03823498830680038,0.10181238600308476,0.28400000000000003,0.372,2506
900,0.04183246546851018,0.10690235834094752,0.249,0.32599999999999996,4999
901,0.033125663208271636,0.1703337973611371,0.28500000000000003,0.517,4999
902,0.033507867387695976,0.0937487571345773,0.256,0.396,4999
903,0.04254883086704339,0.042444892890727594,0.28800000000000003,0.268,4999
904,0.03893881186838386,0.09963901662536323,0.29300000000000004,0.388,4999
905,0.027839610280359372,0.12535889434098146,0.262,0.361,4999
906,0.037294276370334105,0.08282447414629299,0.266,0.28700000000000003,4999
907,0.041114926004142786,0.03628320697101627,0.28500000000000003,0.267,4999
908,0.03932821379614079,0.05781669330157621,0.278,0.278,4999
909,0.03563866894746438,0.12423486853528044,0.278,0.379,4999
910,0.04396875101266226,0.035941280838268606,0.256,0.263,4999
911,0.03129414761118488,0.10959076235961682,0.266,0.32799999999999996,4999
912,0.035103878083057025,0.0640118858927862,0.272,0.28800000000000003,4999
913,0.045351251136441464,0.10626330198109168,0.266,0.31899999999999995,4999
914,0.03767592191683914,0.10362065648064402,0.279,0.389,4999
915,0.039934246714972775,0.09349185272518072,0.28500000000000003,0.391,4999
916,0.04091630621444593,0.14461871821765357,0.29700000000000004,0.44999999999999996,4999
917,0.03816024003375604,0.09347517489774304,0.268,0.39,4999
918,0.030769724716104334,0.12468058448788992,0.258,0.372,4999
919,0.043195775740896704,0.041393319529933296,0.29400000000000004,0.26,4999
920,0.044775093634405995,0.1029866082773189,0.268,0.31999999999999995,4999
921,0.03514765802835825,0.1335037729835349,0.269,0.385,4999
922,0.03623480940614431,0.04196076709389871,0.28200000000000003,0.255,4999
923,0.03865238395282798,0.046572081538122034,0.247,0.251,4999
924,0.0385252637187683,0.03154638397136997,0.276,0.26,4999
925,0.03326640996062349,0.09636195478685376,0.254,0.39,4999
926,0.032305816897595575,0.03934063859242081,0.276,0.263,4999
927,0.03344873896767364,0.04312524423110057,0.28800000000000003,0.29200000000000004,4999
928,0.03865144233012963,0.12589717021226518,0.28600000000000003,0.368,4999
929,0.03383275697601928,0.10478232115842923,0.29600000000000004,0.31599999999999995,4999
930,0.038737741940460535,0.10773821288946708,0.264,0.33999999999999997,4999
931,0.03405068650515989,0.06497323483099675,0.30000000000000004,0.28300000000000003,4999
932,0.03808287594271646,0.046054574570923316,0.29300000000000004,0.273,4999
933,0.04238276627589473,0.10107639117919612,0.28200000000000003,0.395,4999
934,0.03190957251375121,0.09639410123453017,0.28400000000000003,0.404,4999
935,0.0400401005001419,0.1245873148702164,0.266,0.392,4999
936,0.03789527454042758,0.04449975636388037,0.30600000000000005,0.29600000000000004,4999
937,0.04514532165026767,0.09510874700028694,0.258,0.393,4999
938,0.043039130637542805,0.08244383373205358,0.263,0.267,4999
939,0.04240314351838651,0.08414481357479038,0.29000000000000004,0.246,4999
940,0.03542926412000011,0.03501531887588899,0.28200000000000003,0.244,4999
941,0.03963275409906113,0.09428582781107325,0.29800000000000004,0.373,4999
942,0.02829970281826184,0.09607184399429729,0.263,0.395,4999
943,0.03716039414211687,0.1309403930321669,0.245,0.384,4999
944,0.028986729732688954,0.03429772568135797,0.241,0.243,4999
945,0.03815791132594413,0.09402385853549071,0.28400000000000003,0.373,4999
946,0.032730523740717325,0.09722805732681822,0.30100000000000005,0.373,4999
947,0.03883364561931955,0.03994475387403277,0.279,0.23299999999999998,4999
948,0.03788955545263494,0.09501312935897986,0.27,0.383,4999
949,0.031791302693116745,0.09407793805461376,0.264,0.381,4999
950,0.04849781843461834,0.04018793468309165,0.28800000000000003,0.28700000000000003,4999
951,0.0393194322346243,0.04767255059661608,0.276,0.28600000000000003,4999
952,0.03440123544871207,0.04314858459413274,0.265,0.271,4999
953,0.03918089942265766,0.03856167479516893,0.256,0.269,4999
954,0.03754875331856792,0.10390098483595618,0.263,0.30500000000000005,4999
955,0.03630871767063757,0.036230034401139415,0.274,0.279,4999
956,0.03566710152186666,0.04865578500672106,0.271,0.262,4999
957,0.045118234371222,0.045920674713658086,0.268,0.252,4999
958,0.027776134685425353,0.03444470354013861,0.253,0.264,4999
959,0.04598811522074998,0.09413175385003796,0.253,0.41400000000000003,4999
960,0.0414270369794041,0.041480952072233145,0.28400000000000003,0.265,4999
961,0.0259198977288323,0.13179196127315315,0.28900000000000003,0.4,4999
962,0.029108998818631746,0.04427500611663752,0.30000000000000004,0.277,4999
963,0.04151317347775756,0.09749173894762925,0.29500000000000004,0.376,4999
964,0.03132066178255737,0.09982929233524437,0.273,0.391,4999
965,0.02605039974110326,0.12954270142317892,0.24,0.391,4999
966,0.029373318276121028,0.09442659754742254,0.275,0.371,4999
967,0.03649686495281837,0.09699920296643678,0.267,0.379,4999
968,0.030759855412223452,0.04247111778171141,0.28700000000000003,0.28900000000000003,4999
969,0.029427575831489906,0.02350312752635608,0.249,0.254,4999
970,0.0388361731223681,0.10361062742732657,0.251,0.31399999999999995,4999
971,0.03607931710337827,0.1053051845993192,0.279,0.32699999999999996,4999
972,0.028944316133619623,0.12666773431047387,0.28200000000000003,0.387,4999
973,0.033134534777572854,0.10496165026293627,0.277,0.29000000000000004,4999
974,0.03457045039908144,0.04643062201396827,0.267,0.255,4999
975,0.034228735974465345,0.1054386668652025,0.261,0.31299999999999994,4999
976,0.04654915263850267,0.1022160682320468,0.28,0.398,4999
977,0.034680491468104285,0.09989134664796752,0.281,0.378,4999
978,0.029294845872682093,0.10419752964441759,0.26,0.383,4999
979,0.03590634043390066,0.0381715676702888,0.29500000000000004,0.269,4999
980,0.031255285676204704,0.10434280005692599,0.28,0.30100000000000005,4999
981,0.04382244231327126,0.10301897067634466,0.29300000000000004,0.33599999999999997,4999
982,0.039077455703167605,0.05032138269352187,0.257,0.26,4999
983,0.038055451356527534,0.048667447171704036,0.263,0.281,4999
984,0.0345268123421779,0.09702165528265333,0.25,0.41300000000000003,4999
985,0.031834536692964606,0.03949307434902098,0.28200000000000003,0.29200000000000004,4999
986,0.03748968380145153,0.041866682883683184,0.269,0.29900000000000004,4999
987,0.028694584114563954,0.03824839534320629,0.266,0.27,4999
988,0.030374453021523813,0.05306955675197327,0.259,0.28600000000000003,4999
989,0.041840262033177936,0.12947721124887393,0.28400000000000003,0.391,4999
990,0.03183973301096227,0.04131714015142588,0.278,0.271,4999
991,0.038954586908690914,0.041812548984590886,0.30400000000000005,0.263,4999
992,0.03704959641443409,0.09370483661888232,0.254,0.40700000000000003,4999
993,0.03317412894802408,0.04340343561592153,0.26,0.27,4999
994,0.027868028613282424,0.0951331045968603,0.266,0.39,4999
995,0.03421709001115146,0.03993017420887244,0.267,0.28300000000000003,4999
996,0.04555364755284102,0.03337363005962645,0.29600000000000004,0.249,4999
997,0.04905535032148311,0.04471076158390632,0.271,0.251,4999
998,0.03369857397212894,0.10636486749701077,0.267,0.31299999999999994,4999
999,0.04324936830163569,0.05027670230329698,0.263,0.29100000000000004,4999
