,hellinger dist kdf,hellinger dist rf,sample
0,0.5246566079965533,0.15485042221084558,10
1,0.268194186527909,0.2025895161106171,10
2,0.40748467712502595,0.18283815933894593,10
3,0.25192047711151433,0.22900209721715634,10
4,0.20252500902766962,0.2436397687567611,10
5,0.4865519352256575,0.2839836747985981,10
6,0.29051387736922457,0.227972735043771,10
7,0.3392237511984977,0.24155299615598552,10
8,0.33212436520328026,0.20423702812221095,10
9,0.24175365883519095,0.19666018683845266,10
10,0.42089137977050456,0.2618535337764939,10
11,0.20072105607171228,0.23103070625566574,10
12,0.3141951725014109,0.20664734158963527,10
13,0.16321635522881833,0.2227587969660228,10
14,0.2883339947658489,0.17519736691055185,10
15,0.1748014896031591,0.22973054393495237,10
16,0.21066464764776383,0.17910933460477213,10
17,0.23335319573715277,0.2642795360335694,10
18,0.4939189537557069,0.18220817467255404,10
19,0.32948781657910287,0.23345462335576742,10
20,0.3143467325525763,0.18210504064381555,10
21,0.1349167556087469,0.1897284209071139,10
22,0.2474005033018192,0.17144873509178743,10
23,0.1827650020114164,0.3364677746833759,10
24,0.2832351664924572,0.23050782375519155,10
25,0.37489167043849686,0.2920275828516011,10
26,0.1836237043529053,0.23250707366948659,10
27,0.3142614159241006,0.2014917215350656,10
28,0.259008842311116,0.1624870592677861,10
29,0.4075665873478516,0.2673682260273283,10
30,0.30730770863024637,0.16753254042960466,10
31,0.3805011660912058,0.1690016359638668,10
32,0.4962447665457513,0.24040656778976832,10
33,0.3555571595177586,0.17366905958615705,10
34,0.317015351931832,0.25932776513302835,10
35,0.482270761371248,0.19304696872546942,10
36,0.4746880626520747,0.24898267333320845,10
37,0.217163001420053,0.21873040599586877,10
38,0.18521784864557359,0.1510253075898968,10
39,0.4947648383439461,0.1850009866724117,10
40,0.39960724165826356,0.2593677330302919,10
41,0.11692033568794229,0.2344494406907313,10
42,0.30104970573253814,0.32774674197259135,10
43,0.35463437381575436,0.221053580250832,10
44,0.14322758383346235,0.19841775216089108,10
45,0.19308656830055274,0.23102286828182755,10
46,0.2080869637601944,0.1957646442561978,10
47,0.31303886812119786,0.17546635122646395,10
48,0.28870643815967456,0.2658441044034634,10
49,0.259909213452221,0.20357138553150295,10
50,0.19203056620005685,0.18088706173027821,10
51,0.23275073385656012,0.2102303356859388,10
52,0.3229477646364565,0.21987047338948026,10
53,0.25862791778006783,0.22097746131414892,10
54,0.5031769205671348,0.24877347387712476,10
55,0.3604842046068198,0.2195064228281709,10
56,0.18862690215208933,0.29322061537983285,10
57,0.49460358947317595,0.2071630627020585,10
58,0.44266256411319393,0.20751999499008256,10
59,0.3410389345465967,0.1999841833876142,10
60,0.16040927325262072,0.24504270344952947,10
61,0.5064232892657691,0.18665305351857067,10
62,0.4406944732862618,0.18089302880192074,10
63,0.32266178590214445,0.2777408554599295,10
64,0.40840683505379183,0.19925785793181136,10
65,0.19616017749225356,0.23791651606742056,10
66,0.42356809897679254,0.16636631270200608,10
67,0.18722392343483754,0.2441472291268253,10
68,0.2727580365504002,0.24992194915994442,10
69,0.35262756541531076,0.28881210998126056,10
70,0.2987064690439141,0.21656388265654358,10
71,0.23275051241850792,0.3523783518023664,10
72,0.32107046572938863,0.19611487317689924,10
73,0.45634638599359045,0.29843984158284775,10
74,0.3417541994793231,0.1744239738517901,10
75,0.3785849852906429,0.21599384577733263,10
76,0.4550516926207365,0.22040471173982185,10
77,0.3908843845051656,0.20756962550405625,10
78,0.34641230447722976,0.1837194805450356,10
79,0.2968968501252155,0.3206632150721904,10
80,0.12662558864723175,0.2842963325011869,10
81,0.3370346484428078,0.31065951529363794,10
82,0.35850955785991157,0.2782393197050446,10
83,0.46527361006120194,0.22402434088173245,10
84,0.2965187960491475,0.3338739104428141,10
85,0.40719546527968536,0.23411667635383251,10
86,0.18595433283860274,0.25225757976359575,10
87,0.24890981152817648,0.29906485303653074,10
88,0.49186053119349993,0.1811254891475093,10
89,0.32488607987917933,0.20014263456929085,10
90,0.38139811640394516,0.27774583403973935,10
91,0.11046959893343711,0.21853668723861816,10
92,0.3996599111804535,0.2142117836789511,10
93,0.16042651108179762,0.18231922572823037,10
94,0.3492103643874111,0.1782034996777113,10
95,0.31090893989730806,0.19220596298408682,10
96,0.3279785103423266,0.1534997304129528,10
97,0.34503223800796196,0.1809909470673534,10
98,0.19779206404274977,0.2480180445432592,10
99,0.24604344162427813,0.2693892611013285,10
100,0.15202981116098527,0.1589797233280978,19
101,0.16904111164224866,0.2358519469643872,19
102,0.2354061363944382,0.20280734936450354,19
103,0.21967300223385874,0.2543703210985056,19
104,0.18307432273819457,0.21394000576218633,19
105,0.07026450845764846,0.2120944483114393,19
106,0.14629672327150697,0.19326120124302926,19
107,0.12432095072211875,0.2774641193062339,19
108,0.325411790761523,0.1865886934843961,19
109,0.10670648083552763,0.19069773255087688,19
110,0.16592676752375574,0.19572755360989386,19
111,0.11217835546536058,0.20284997506609312,19
112,0.2275404220016393,0.19972591328202857,19
113,0.22565896451771908,0.2486843301090974,19
114,0.2697022044304062,0.15788765132756138,19
115,0.1775395684221529,0.19439118305510336,19
116,0.12963650542108307,0.2397922550141688,19
117,0.19038014607255285,0.13709137118311174,19
118,0.15701763200646926,0.17735557061536478,19
119,0.14899676350882757,0.17264433183733527,19
120,0.18701749044024038,0.21622462604719575,19
121,0.09152633809176489,0.20698535540667523,19
122,0.3811005249132881,0.25113148384016293,19
123,0.2248812084700513,0.2995315586561807,19
124,0.1195738768800124,0.17272673744238254,19
125,0.1293298881457085,0.21180196548083133,19
126,0.159910440456218,0.19672160870551358,19
127,0.16660178863021316,0.14572628861434925,19
128,0.20402565257658012,0.18808412496346766,19
129,0.1091255547919258,0.13980333027813355,19
130,0.20823654064698607,0.15346035811138495,19
131,0.1882107180873178,0.21237297376974834,19
132,0.1744400744537126,0.2166870899968673,19
133,0.1615415340715112,0.14608341231709182,19
134,0.05544078719681643,0.15047189429727692,19
135,0.19192366978937855,0.252583651867916,19
136,0.2825309017690491,0.15971884765375727,19
137,0.20922876083494082,0.2732466292252844,19
138,0.16464547451890393,0.2142198581738999,19
139,0.2024339670752726,0.2505039903980375,19
140,0.23041819788654613,0.18903548843698142,19
141,0.09411207825648837,0.17951356969587828,19
142,0.15365108757848334,0.2522983052963075,19
143,0.17248754764091384,0.15911517015726953,19
144,0.20225153623040454,0.19500591712843338,19
145,0.21123175591505314,0.1406561408269868,19
146,0.1940572859773165,0.23961737399430635,19
147,0.20110654557949245,0.18651111641896242,19
148,0.10071430082481096,0.2521026581064865,19
149,0.22421396676304467,0.21777162533393898,19
150,0.17558942890233148,0.14898904251037037,19
151,0.11571586163162138,0.16455826760252532,19
152,0.17538707162883793,0.23867906510673104,19
153,0.05039614242843486,0.23153738939016044,19
154,0.13190392634167622,0.2975484373996946,19
155,0.16080653192402197,0.14804151894475437,19
156,0.395203007236218,0.24894116497325544,19
157,0.24801981782942137,0.137462105526389,19
158,0.28392850929153923,0.1630157296423114,19
159,0.1730151928726264,0.18446763121642262,19
160,0.32257607796880644,0.20784619798948112,19
161,0.22712881112234248,0.19394062158314115,19
162,0.18646317706129328,0.18689984984029656,19
163,0.19914409295764302,0.16111756768948177,19
164,0.10807971089574489,0.17504182796371712,19
165,0.18618599981845577,0.16188216717834494,19
166,0.13667303030859135,0.29774053577630644,19
167,0.2831950894247146,0.15844218336302576,19
168,0.15417424439881694,0.15636061398325352,19
169,0.18367058569707165,0.1909630724516725,19
170,0.16294645031992783,0.2453531394119161,19
171,0.1700005124017482,0.239541576300538,19
172,0.13924649385092835,0.2806325973975344,19
173,0.12940925374527165,0.12936611918785784,19
174,0.1521200519465046,0.206812684964858,19
175,0.1912703225046247,0.21374079551016803,19
176,0.18858510210307922,0.12969809788368103,19
177,0.1939579511830097,0.20995096174495848,19
178,0.19089265238597433,0.18748855627634625,19
179,0.11823182747359134,0.16613158979928977,19
180,0.16210761800448817,0.2543833433964359,19
181,0.23314173998322604,0.21735158628641754,19
182,0.19758579192039244,0.19074485163719473,19
183,0.10816331592477421,0.18849651944264972,19
184,0.25737612669021426,0.19930582626584314,19
185,0.1304784941597776,0.1596727797883071,19
186,0.1968034220936749,0.1530699757398216,19
187,0.17196662970711885,0.19663703389689066,19
188,0.1933053129411962,0.20512246469909437,19
189,0.17763269164297188,0.14652713129344028,19
190,0.287682979297024,0.24259541192852843,19
191,0.19053317611371737,0.24797909315877323,19
192,0.1983048477608797,0.1886746062783827,19
193,0.21397637672936567,0.18450506870992842,19
194,0.22542763103609015,0.18725772342670247,19
195,0.12905421960047722,0.1867571037385358,19
196,0.18548368903694756,0.20529373524987415,19
197,0.15680105362296656,0.19195025293540197,19
198,0.2879337796505768,0.17741167833260102,19
199,0.18477857757905972,0.21787563991477607,19
200,0.10756152264372172,0.1614319920066752,39
201,0.12199622229095117,0.15555351649409258,39
202,0.12023319481210748,0.14930480719688763,39
203,0.1684813140034983,0.16612847777183598,39
204,0.1219107166437697,0.18770858177725855,39
205,0.0718911591349873,0.14584062512014226,39
206,0.09043820290962772,0.14480223212512922,39
207,0.12932304641997514,0.19876423068184454,39
208,0.15577688061551073,0.16698514210438578,39
209,0.10382824554500115,0.19323804015867535,39
210,0.08472243857934603,0.11738609573630347,39
211,0.14607946409979305,0.2073404002393535,39
212,0.1396673825215474,0.18936162372325602,39
213,0.11830952290293302,0.14370946704606152,39
214,0.05857836395063325,0.14863619705894157,39
215,0.1222167187894152,0.18527234958880798,39
216,0.13014027811749676,0.16548347733243254,39
217,0.12227181476583887,0.1530288940726463,39
218,0.1645241349542348,0.15718627221837525,39
219,0.15125292704077808,0.15135107072025528,39
220,0.1470975446765456,0.13803617175919775,39
221,0.08684351047917865,0.15082837312111302,39
222,0.12637268773954397,0.183547313787871,39
223,0.07985445344164697,0.13266036742856768,39
224,0.16922132903800496,0.18981527089215364,39
225,0.09229963245502819,0.2064105850381244,39
226,0.07955418769106229,0.18718916086462495,39
227,0.13430026934030803,0.15240544540426113,39
228,0.1150493491460919,0.18183550738237522,39
229,0.11652889308758238,0.19248428839794332,39
230,0.13544757211535807,0.12306804263672261,39
231,0.1641846018670414,0.15886009708734528,39
232,0.07822196554913341,0.15614388794342896,39
233,0.10332670774555097,0.16357065003146448,39
234,0.083922250598151,0.2127778838781541,39
235,0.10511277888875578,0.18332234997092067,39
236,0.15916044601494742,0.12733896190153454,39
237,0.1578906466589471,0.1865505993752215,39
238,0.11096579960203971,0.15657830056417682,39
239,0.09777367446500103,0.13868274457347582,39
240,0.1359177643087693,0.19536894112281836,39
241,0.06146327624002626,0.1674569426278942,39
242,0.13750771593262565,0.16161218687091383,39
243,0.13958248866488948,0.1447498062962253,39
244,0.13681445990334257,0.22519223858724627,39
245,0.13677582026479665,0.1736200139869657,39
246,0.17952928745752755,0.13726890772088568,39
247,0.07799450606256453,0.16406086754898636,39
248,0.16282988889457092,0.14197394396857332,39
249,0.12947095501064684,0.15260403409487844,39
250,0.12643769423902412,0.12297250534964808,39
251,0.16864790611175895,0.14578572260601183,39
252,0.13217795993810838,0.18089889761793143,39
253,0.14727670312952817,0.1823733707570234,39
254,0.052450384122601355,0.13979089651313348,39
255,0.20647773973321928,0.12872550297090404,39
256,0.14814788063432768,0.11535183640922815,39
257,0.1328594366376871,0.18086617211835732,39
258,0.05964385875283167,0.14299138701016292,39
259,0.134831860859588,0.1597787429665237,39
260,0.10975060071682743,0.11738978258777295,39
261,0.14822269315301936,0.1927526726933569,39
262,0.09555820541705941,0.19997404615276332,39
263,0.14116462951547137,0.1726769955214285,39
264,0.16587316875919422,0.19537310060773969,39
265,0.10445481619619519,0.17937825841844723,39
266,0.17639721746002693,0.2019339036018756,39
267,0.08912924926600306,0.13208568426315065,39
268,0.13130622745665838,0.16647363651360023,39
269,0.09170757981661364,0.13858663819810094,39
270,0.057959576612740746,0.16008787378654304,39
271,0.14843660128551361,0.17414632022171056,39
272,0.09188996710854137,0.18482058362366766,39
273,0.09150959202075538,0.16062635484755405,39
274,0.10670668564648199,0.1395441247046995,39
275,0.16733480468878856,0.17995850052786475,39
276,0.21102354962886632,0.14954434667590666,39
277,0.19312477996785674,0.1711966041315842,39
278,0.11716709233001159,0.13644850693370297,39
279,0.1049617534666739,0.17944031025541804,39
280,0.1917549231961114,0.1773730878444214,39
281,0.11060800180100543,0.21571480551817396,39
282,0.168413241183436,0.20781686409067188,39
283,0.09804897666805412,0.20259859387885074,39
284,0.12752235998822203,0.1294182166043051,39
285,0.15473047149199226,0.19234998651502888,39
286,0.13622892775694406,0.15762656353495408,39
287,0.13000507873344921,0.2202548370245391,39
288,0.21891646534423143,0.14105627939937693,39
289,0.13399845007558267,0.15900123591731394,39
290,0.1301140064250424,0.18714293155773234,39
291,0.09168175241100453,0.12841317854474615,39
292,0.0899255580263708,0.15462971303479256,39
293,0.048950185281148924,0.1885748658071432,39
294,0.12570398567935515,0.15409108128976673,39
295,0.0691512217382791,0.1515323362987435,39
296,0.10648925535777803,0.18879886365639173,39
297,0.1557757884934019,0.1258317170193578,39
298,0.17900660049904146,0.16083548341835252,39
299,0.10604877092404412,0.14477166932097701,39
300,0.10739736451589964,0.17267919302200999,79
301,0.09854778997127714,0.1606518612566608,79
302,0.0785433374487364,0.16063953032603395,79
303,0.07248889762543444,0.1134444443875515,79
304,0.09325376401713108,0.1616380077450131,79
305,0.06970523453643294,0.14323261362965775,79
306,0.03843498056598501,0.11503670656901005,79
307,0.07981399535676842,0.14399213110331616,79
308,0.10919996913381798,0.1382436486238436,79
309,0.09945409719352821,0.12314773517145872,79
310,0.06417319021662879,0.11102915169149685,79
311,0.11400683961559828,0.13914972200044448,79
312,0.03615268341865886,0.12113109473447457,79
313,0.07968792377865447,0.17964944688653509,79
314,0.05010482222690133,0.14314796996232756,79
315,0.08253113282244665,0.12477392308757837,79
316,0.10324773776371116,0.1613247538276737,79
317,0.07957813653371311,0.13976568331856126,79
318,0.07844405764908367,0.15685437585287695,79
319,0.0646347607425477,0.232489607673906,79
320,0.13915249072811472,0.18364051231584463,79
321,0.09548922895244018,0.1378100879324077,79
322,0.10172926203348052,0.1704489471463566,79
323,0.04193057041890994,0.12435872222380348,79
324,0.14277180211786053,0.13952452896987325,79
325,0.08387022727412105,0.15403554834853236,79
326,0.06550334770140524,0.14869129287023242,79
327,0.05909045844148747,0.16137035329985486,79
328,0.09075066854364734,0.12801576193140785,79
329,0.06441166876772138,0.12352222117207408,79
330,0.0999752071881299,0.17716155090433175,79
331,0.1372490050725855,0.1385026994452115,79
332,0.07665289371354536,0.13085044002675217,79
333,0.09757731963645004,0.15704566774908596,79
334,0.11215127426173871,0.14216908029327774,79
335,0.11385443380650676,0.14046848106330653,79
336,0.08971531721432162,0.13106525823272083,79
337,0.059078549132868564,0.14313219455120607,79
338,0.08083989926235528,0.13591882960610246,79
339,0.1023270638058651,0.15220548401744122,79
340,0.08911229462151923,0.15097837325632407,79
341,0.0801547306585977,0.1581096767631741,79
342,0.07826869908933715,0.1601404036303936,79
343,0.10131946818932332,0.11983477523044356,79
344,0.08403483385019037,0.16531590382157035,79
345,0.10455920507882328,0.12408591425040238,79
346,0.0674699124035653,0.12083722667979983,79
347,0.08278263644374483,0.14034143632727272,79
348,0.054634125058097414,0.1220473226980614,79
349,0.09060726384445957,0.1556600878081301,79
350,0.0531371046222005,0.16599506298790745,79
351,0.12378365568090632,0.11859470726414015,79
352,0.08302138307073402,0.16291660452374881,79
353,0.1029177529439522,0.15122383055330266,79
354,0.11895878608027897,0.1331666138550043,79
355,0.11156559954088581,0.12232382712680177,79
356,0.08942758156355124,0.15066296483162755,79
357,0.07506045690267393,0.12057093300434944,79
358,0.10344211766637887,0.10089838293100419,79
359,0.05555988963595522,0.11930603551956746,79
360,0.08125973205429746,0.1270681324512199,79
361,0.0811126564426065,0.13143732450656267,79
362,0.11113185280663077,0.14996066329267493,79
363,0.07424279310208119,0.21234496275176565,79
364,0.1258553017438158,0.1455170678657436,79
365,0.12854969975332242,0.12850794269500374,79
366,0.08371595986686314,0.1397999351352387,79
367,0.08741948101076133,0.16548654093441328,79
368,0.08292450926901956,0.17227088153549222,79
369,0.10001459440016486,0.1712462439692696,79
370,0.06793093728482395,0.1533385421299938,79
371,0.09027938451796622,0.144416786862769,79
372,0.07517652461964497,0.12322367309186363,79
373,0.12470621715670156,0.14358705983483663,79
374,0.05322422832824109,0.14684744611095668,79
375,0.062292136623060795,0.12968243010020514,79
376,0.08108432784150707,0.12724763541245757,79
377,0.08872811552390725,0.11851148487970921,79
378,0.0648611108770521,0.12450831334969321,79
379,0.09038873118632952,0.1417481545773457,79
380,0.06137472721531161,0.12527052409001035,79
381,0.11242825310118837,0.15393786869648265,79
382,0.0523327731417475,0.16045386283597807,79
383,0.11525108417643477,0.1368678369821592,79
384,0.09887458528264849,0.15395709065141114,79
385,0.07636988866969546,0.13385793785684766,79
386,0.06968255588342878,0.13355917154449287,79
387,0.06116477858299497,0.1415887566683611,79
388,0.09749717677247302,0.15449832560851992,79
389,0.1152495305732608,0.14449463377246904,79
390,0.07995064994019226,0.15200171407882873,79
391,0.08475552565016543,0.1606508604084904,79
392,0.07675134865515285,0.13100874810045354,79
393,0.12051989240152292,0.15463655135295923,79
394,0.10990799867610579,0.14464313084997119,79
395,0.0701946803065742,0.1556879698064241,79
396,0.10390047510663142,0.13430055112665273,79
397,0.11555581581632957,0.12367559295412163,79
398,0.07059123773814599,0.11783577278802061,79
399,0.11463754599298245,0.12256490031811432,79
400,0.04817055996161712,0.13201046963908927,158
401,0.060185053954983546,0.10092282927449905,158
402,0.05135067036951306,0.13947197087678245,158
403,0.03094676693063062,0.12119368889250434,158
404,0.0760596716491611,0.1340610218076916,158
405,0.06322973430672996,0.14662364914103915,158
406,0.039853772519729935,0.12781127562182223,158
407,0.058221137687001843,0.12141171349802296,158
408,0.08657668711044551,0.13518351504206505,158
409,0.03256114282037758,0.15036032440541647,158
410,0.030406792496534857,0.1119393706232153,158
411,0.054637903122902065,0.11358803389995539,158
412,0.09931890582056015,0.11988996745518332,158
413,0.05640741637010393,0.12893918697522472,158
414,0.04449612969416905,0.13735414966930287,158
415,0.04529775633212401,0.1289961784396753,158
416,0.05501578393135052,0.1264622885575061,158
417,0.06808710771074203,0.14705286486486946,158
418,0.04878949632463226,0.13449216666861488,158
419,0.038945643789851984,0.11555179884133608,158
420,0.048766021299212,0.13940417991197868,158
421,0.03468773885312436,0.12959012072605813,158
422,0.04019439806325307,0.11681924982539534,158
423,0.05081684489587321,0.13238107047552236,158
424,0.053736537228774216,0.13454838246227396,158
425,0.05973530720057963,0.10213650921402256,158
426,0.026467237644823487,0.13396850603738375,158
427,0.04891766787113005,0.09990005459697275,158
428,0.024578035004485282,0.1357604968168796,158
429,0.03170755271106436,0.11925930374680233,158
430,0.04127130311288017,0.11823485247907939,158
431,0.047323911723266936,0.15580153409579892,158
432,0.047834572874824524,0.147390560575947,158
433,0.035667616019218674,0.12115641501780017,158
434,0.06509994842235879,0.13272092608122213,158
435,0.06099967829219048,0.11770714540724865,158
436,0.05692053865082345,0.11684238297603282,158
437,0.06175254582114606,0.15550961909170952,158
438,0.058165523241427826,0.13977261184528172,158
439,0.028355707772742045,0.14018538451087822,158
440,0.03332586591298974,0.12974514578025748,158
441,0.035192673211728843,0.14172833529947315,158
442,0.05207263503935384,0.14034602459901263,158
443,0.01745058203449676,0.11616815586020075,158
444,0.03809501178089707,0.12112439403892326,158
445,0.03368268082095825,0.15760470816174138,158
446,0.044146010048653934,0.14935160228159516,158
447,0.05079348131810488,0.1232546666689078,158
448,0.037391212353062205,0.11416562048438303,158
449,0.05090029515547799,0.1266073630862217,158
450,0.06059465497031736,0.11914046308624394,158
451,0.05218888932132799,0.12609272568894642,158
452,0.02500559814712842,0.13332821838081285,158
453,0.029392789985016328,0.13399921200626047,158
454,0.054064496293756974,0.1486215210375046,158
455,0.05939288823438734,0.14575903454439298,158
456,0.06014492455554955,0.12716521901871616,158
457,0.0685712175687725,0.1270780224304977,158
458,0.034440808321556965,0.15344550280422442,158
459,0.037974831428105704,0.11322252400693451,158
460,0.040251669508367685,0.1289182274087464,158
461,0.04159539637126519,0.11186536234343267,158
462,0.051856525234225494,0.13420196323341851,158
463,0.04129508478836957,0.10850707114139103,158
464,0.06090245212019191,0.14277384446872324,158
465,0.019975433601373584,0.12118115090865973,158
466,0.04596171073623598,0.12634428145569399,158
467,0.09233588609279064,0.12197115169425789,158
468,0.06361104016160102,0.1302379837845708,158
469,0.04482049184911147,0.14018278457235617,158
470,0.03135541153951438,0.12895167774812333,158
471,0.07360713819035167,0.1307028009335738,158
472,0.08021881792611785,0.12694559012799916,158
473,0.06545370439244913,0.1400159785960084,158
474,0.06553038240220663,0.1260848711717668,158
475,0.032642129755799734,0.12723939282011232,158
476,0.04454978149248511,0.12304663433846048,158
477,0.025795980937204657,0.13153966437704462,158
478,0.038592520367387965,0.14362487577982377,158
479,0.03624449907664773,0.12581499029424853,158
480,0.04909898378314366,0.13105075144059475,158
481,0.04107363899233829,0.12359058375498454,158
482,0.058235822903837914,0.12769931217626895,158
483,0.0641804291483115,0.11731305070321808,158
484,0.031425106382510316,0.15608704765704035,158
485,0.05455226480291065,0.12684720875589753,158
486,0.05441284456240601,0.14743504552259326,158
487,0.02378789120481538,0.13708443204232174,158
488,0.04260718442226088,0.10859506155307612,158
489,0.01962266564735962,0.11824067652651157,158
490,0.059736530740670236,0.161640714719419,158
491,0.05775793650977992,0.14356122617003444,158
492,0.05764537754056316,0.13777030833122197,158
493,0.03264835752575206,0.13851877340000074,158
494,0.052854034510603456,0.14769152979393027,158
495,0.0627552408034116,0.16317030759668835,158
496,0.041737518946085114,0.13202090941385008,158
497,0.051156275598793204,0.14882095590313374,158
498,0.032078488714386046,0.13284118426538108,158
499,0.04829213285225716,0.13929613845651936,158
500,0.030666427577305626,0.13457747385121005,315
501,0.03945514409229401,0.12878190455959707,315
502,0.04083600840234688,0.13822944450349053,315
503,0.05781397713944958,0.1242796436970157,315
504,0.0235163725186536,0.114818556185704,315
505,0.033475794166552233,0.12788596516995482,315
506,0.054756317510117336,0.12686448675629522,315
507,0.036231536382634835,0.12101474474265192,315
508,0.043848794894176965,0.11603929696946255,315
509,0.036811963995870035,0.12526182129865276,315
510,0.05310716066697911,0.11886995849370846,315
511,0.05398550621770968,0.1377370396661701,315
512,0.04576424967987692,0.11438223300051921,315
513,0.026174554367893427,0.11555033956778825,315
514,0.03448499986540725,0.1345221208957558,315
515,0.03957520730020076,0.12035128084210586,315
516,0.03236926110676236,0.11826017399780903,315
517,0.0168331302125389,0.11730989082361769,315
518,0.03289604752049182,0.11392002828237775,315
519,0.026656668794478006,0.13232566472124488,315
520,0.05466631129839098,0.1340754855166092,315
521,0.022537916238268087,0.125206917877604,315
522,0.026220380823552332,0.12308686839543506,315
523,0.04511664448379442,0.11538722120847077,315
524,0.03607196861258385,0.11197842065871295,315
525,0.03245464396828828,0.13853851011550547,315
526,0.047911023017219515,0.11225568490094212,315
527,0.017581180945588713,0.13488788076331004,315
528,0.03323856163415661,0.12177773586095039,315
529,0.03224634351938081,0.132490764107345,315
530,0.04662168231858373,0.13526909397883585,315
531,0.029069075620852747,0.13193968301962777,315
532,0.0299122396439325,0.11700451101845531,315
533,0.034988836885437385,0.1295618684662169,315
534,0.04161048680013788,0.11580741491662236,315
535,0.04822511471869454,0.12443955265491635,315
536,0.043363220352449064,0.13509248577894648,315
537,0.05148560455640952,0.14593619953793965,315
538,0.03026560610676932,0.11617748550777755,315
539,0.059579029527785,0.14355572032261762,315
540,0.033393132551584506,0.11964744775601258,315
541,0.04768453323869458,0.10620425094012191,315
542,0.05273279367017239,0.12492868530734641,315
543,0.028407431341038673,0.13106430539105005,315
544,0.05563101403066545,0.1203920711848318,315
545,0.033027365758852886,0.1236239406049648,315
546,0.026780593993996325,0.12301518987139347,315
547,0.04326695948633276,0.12077206699765766,315
548,0.02541293494675746,0.12778426294855755,315
549,0.05761067266755632,0.13495090473339444,315
550,0.03110993722256977,0.12120975399035128,315
551,0.03246729782172996,0.13045573191753562,315
552,0.05262181729451777,0.11482027288774257,315
553,0.0176827105651457,0.14155281661278604,315
554,0.037853735022124614,0.12112736059041825,315
555,0.04949462973675317,0.1556449484587783,315
556,0.02541269145179836,0.13269449017925333,315
557,0.03653766080780138,0.12919629681474198,315
558,0.03914615162929424,0.12081542155240224,315
559,0.024544886991537992,0.11650238803754365,315
560,0.03564076916613362,0.11945336608508092,315
561,0.029397685043788844,0.13475435646183725,315
562,0.04098206706797298,0.1189832099219436,315
563,0.03951757185444191,0.11968379625224392,315
564,0.03791366835363543,0.11622700099818145,315
565,0.03783942751207694,0.11912636141108472,315
566,0.03796368366575955,0.12279458482575482,315
567,0.021704150989261272,0.13532742544272178,315
568,0.030287559427470186,0.1223468889601956,315
569,0.02791437034581916,0.11822706436935321,315
570,0.02993890125807749,0.1403744503364525,315
571,0.0264745346704961,0.13132182072296042,315
572,0.046378493378328174,0.11429993985154085,315
573,0.04173160273168196,0.11621013112980016,315
574,0.030218684244204593,0.14603395323744545,315
575,0.031934378531691954,0.11863324047301982,315
576,0.03226388579322468,0.1307657430845178,315
577,0.02653178116355091,0.13558095602163955,315
578,0.0446692928130797,0.12899941866116554,315
579,0.02815860503278224,0.13633322558780886,315
580,0.022818752877226286,0.12510182606644657,315
581,0.042277633358825215,0.13100836653179257,315
582,0.04235604723607976,0.13695484993863186,315
583,0.054085658665374306,0.13551960205405086,315
584,0.05350115679860943,0.12424344758709777,315
585,0.034897234792158435,0.12889153069298281,315
586,0.033279797933312885,0.12343316388667995,315
587,0.055743946741282656,0.11779101041640819,315
588,0.015671499995289558,0.12469930889585559,315
589,0.027922574340026405,0.1279323424810675,315
590,0.034165891768735364,0.12704829008793597,315
591,0.03553960029679764,0.13977812644920584,315
592,0.04849186253873047,0.11618089079283259,315
593,0.046474987159912676,0.1191233938835034,315
594,0.04125591933002831,0.12606213960114832,315
595,0.03553282391387415,0.12847137632210268,315
596,0.05821554893244953,0.1177590964831977,315
597,0.04030290787414086,0.12325410110006356,315
598,0.041568288404578185,0.13364179308225274,315
599,0.03133110144974378,0.12934786367122109,315
600,0.04366285507027775,0.11937667819764974,629
601,0.03255283960371705,0.11477492803547047,629
602,0.037177675667623346,0.11711905461092065,629
603,0.042509796572630605,0.12593238142671645,629
604,0.04073624153986541,0.12320291851940486,629
605,0.029149415696926365,0.12281898750360477,629
606,0.04678853985950798,0.12415400527655039,629
607,0.0361221744431322,0.11945582517278602,629
608,0.02998389381617261,0.12119802584774696,629
609,0.03566530166255499,0.1232278186693311,629
610,0.036399621231113136,0.13083634988654338,629
611,0.03263777055152604,0.12660990699426933,629
612,0.03449758971862884,0.12768033708899099,629
613,0.04675089730002615,0.1153804753450128,629
614,0.05462938593174797,0.12095711457604141,629
615,0.02228366975009446,0.11908952124168337,629
616,0.04126178319182326,0.11826941938548491,629
617,0.026497204198303908,0.13119568895432399,629
618,0.03647333184317654,0.1165727543909972,629
619,0.05167733882904026,0.12043501990146793,629
620,0.03111726109571934,0.12748256975501449,629
621,0.03877834522392141,0.13145375481903093,629
622,0.03510030981583165,0.11442006692576526,629
623,0.04327550377650206,0.11209071762916915,629
624,0.026451404862866366,0.12266615726169339,629
625,0.03101921058874789,0.11728733542555772,629
626,0.043642115880217554,0.130574365776746,629
627,0.03401940849610353,0.111979678756067,629
628,0.028610155572719075,0.1310552538800655,629
629,0.024632457778181818,0.11942416742044275,629
630,0.02555842908946515,0.12622960479995204,629
631,0.029912818273511672,0.12681909118718138,629
632,0.03224625617998472,0.1223166031090375,629
633,0.04424538555555123,0.11867275658535087,629
634,0.0296223718019344,0.11959995378181641,629
635,0.02798947314888709,0.11342707908909344,629
636,0.030946567514368934,0.11821069170956597,629
637,0.028821634250303735,0.12134042813462326,629
638,0.039132269059354956,0.1275302644572164,629
639,0.030836029014801706,0.12994018396730658,629
640,0.039975272312275545,0.12061122429897372,629
641,0.04385632637847239,0.12682372454032007,629
642,0.04291807432057925,0.1243573037479526,629
643,0.03778063728669598,0.11280203298726296,629
644,0.03375786339516853,0.11349318719933833,629
645,0.03842042196355594,0.1242824678662606,629
646,0.040736362826351784,0.13027511248091375,629
647,0.028930771218092694,0.12354435396818819,629
648,0.03352409534884739,0.12116502574992058,629
649,0.03724652936770512,0.11242429391619914,629
650,0.03846902871681141,0.11118570307643526,629
651,0.029442941849503697,0.1302224071365432,629
652,0.027300175311445213,0.12000571959100895,629
653,0.025122616203627723,0.12686936012855912,629
654,0.03349531604176547,0.1205713496453281,629
655,0.027327384999956503,0.12929042801241789,629
656,0.04647824222013357,0.12623944624224595,629
657,0.03586443441279899,0.12782535765868888,629
658,0.022303840043260345,0.13305037537138104,629
659,0.0242115970117501,0.12980896314433785,629
660,0.05321133501363999,0.11723718339159891,629
661,0.03830504915098008,0.13178343262314138,629
662,0.023818545042005746,0.12327080967222889,629
663,0.03072399326473109,0.12750097064756485,629
664,0.04007101356000513,0.12297499613051827,629
665,0.008898084423676258,0.12247953175871233,629
666,0.0381664134866899,0.12253880828089313,629
667,0.041723566596191614,0.1257108275544799,629
668,0.02470447692163967,0.12356286938699895,629
669,0.02728826155015099,0.12623473940203572,629
670,0.04967444302235951,0.12493956685385357,629
671,0.038110456070899454,0.12027881252029207,629
672,0.039877749501145685,0.11466081530882749,629
673,0.03390962261464974,0.12727507034652374,629
674,0.023957120817422947,0.12416518810779399,629
675,0.03249116763563651,0.11958079122376893,629
676,0.029442182200861512,0.1216759917116445,629
677,0.03616289878880371,0.12197424603449607,629
678,0.034166360038878,0.13395995066894373,629
679,0.038210746190336195,0.11727622184963864,629
680,0.028205139554099964,0.11768152670575517,629
681,0.03055685014914591,0.1329524579508931,629
682,0.030308777476073565,0.13333409399722648,629
683,0.03628688989534617,0.11842668462622144,629
684,0.026853613557343194,0.12128533437788702,629
685,0.06436198875644521,0.129836639202531,629
686,0.025003638594646257,0.11655603438414346,629
687,0.0382766639020056,0.11633381133708219,629
688,0.033078041975622405,0.11643577600260789,629
689,0.024693055015620517,0.11936111857089231,629
690,0.039592911736158094,0.12920669966554382,629
691,0.029056483595668717,0.11816403919144218,629
692,0.04828797274660077,0.1361545339233417,629
693,0.03672478119412513,0.12158978477353918,629
694,0.04022888066829623,0.1232942471292606,629
695,0.030989635333194456,0.1251750461996351,629
696,0.03363127029923621,0.11799330605872613,629
697,0.0441022786597176,0.13406153079108296,629
698,0.030703652352460014,0.1120976968087495,629
699,0.03525474149983238,0.12103876825834198,629
700,0.030403326111087144,0.12634548157035483,1256
701,0.023471716283108027,0.12037502345570292,1256
702,0.03457000806087582,0.12930778095902265,1256
703,0.030981869964832993,0.12292734447271365,1256
704,0.032658383591709396,0.12369669454993518,1256
705,0.0241225692963601,0.12372747211237033,1256
706,0.0362905906852204,0.12066065319585004,1256
707,0.030524550222080997,0.11790151169719706,1256
708,0.0327352553875288,0.1169996785256879,1256
709,0.023193389645291426,0.12628112730894897,1256
710,0.033376388696135344,0.12354713511983141,1256
711,0.039196863307834444,0.12195478111601381,1256
712,0.03402398633352283,0.11530605166951559,1256
713,0.033488782578103615,0.12359770389649975,1256
714,0.04330077920438937,0.12337561380961652,1256
715,0.03791026961849099,0.12287879480271814,1256
716,0.029853503726395943,0.11606557902609141,1256
717,0.026757757251038083,0.12454073064317835,1256
718,0.03041774059864975,0.11793311541409539,1256
719,0.031242987595782982,0.12201609282372174,1256
720,0.02072713093317414,0.1184191333584818,1256
721,0.03019447033256713,0.11828131050328239,1256
722,0.02460084763234065,0.12330187227478391,1256
723,0.027709666202744978,0.11223527539523985,1256
724,0.029524722150450957,0.12255570526871526,1256
725,0.03326650964305758,0.13069719285568113,1256
726,0.04919321012410495,0.11889845553200254,1256
727,0.026930941351552683,0.1194079568467392,1256
728,0.03667510454008793,0.12511663137003168,1256
729,0.022138986764725234,0.1238004520973607,1256
730,0.031925893685949856,0.11644438822326629,1256
731,0.0262462238334514,0.11907814419345882,1256
732,0.02103358129911824,0.11987227111081694,1256
733,0.03653488787694591,0.13162373677946662,1256
734,0.025380892133990723,0.11905679324123992,1256
735,0.045201777371560344,0.12135926272393974,1256
736,0.02758397058417649,0.12835349991171655,1256
737,0.04253779485170721,0.12096873704174878,1256
738,0.03447178172308975,0.12278492159018331,1256
739,0.027961414789494737,0.11614967720607644,1256
740,0.04356050432741701,0.12165753319264826,1256
741,0.04386379580299709,0.11993754742629975,1256
742,0.022795542305170443,0.12364355318411868,1256
743,0.025413904895064867,0.12759043239629023,1256
744,0.024693113806495467,0.12125238374133057,1256
745,0.023755767821907855,0.1293739035258068,1256
746,0.024486358699712715,0.12453748005805537,1256
747,0.03385346051111412,0.12371755353552948,1256
748,0.023516621991058726,0.125498409688439,1256
749,0.034432325151138046,0.12624399198109287,1256
750,0.04652897206837094,0.12285089853145885,1256
751,0.02728876310112428,0.11727512717359685,1256
752,0.024281014768845713,0.12019715249721098,1256
753,0.02700462258551192,0.11669760585543243,1256
754,0.035068358164398704,0.1257634769533217,1256
755,0.040435416531995394,0.11874898513317235,1256
756,0.034555211952473734,0.12021671214703829,1256
757,0.03444883071250009,0.11689484192451781,1256
758,0.041492635093310574,0.1232873329991737,1256
759,0.030964584821029918,0.11916654377849321,1256
760,0.023447536721246397,0.12764167013484096,1256
761,0.037569674395745475,0.11400041657627631,1256
762,0.030078394871029143,0.12444863977046917,1256
763,0.034448337767208285,0.11597686008182381,1256
764,0.0311165607340486,0.11338823521500084,1256
765,0.036380621221231736,0.11650872930427106,1256
766,0.044403424424740406,0.12721632705697836,1256
767,0.032965496911522944,0.12418565662309484,1256
768,0.027614508398025112,0.12760080212560948,1256
769,0.022687393787292114,0.12465458636222361,1256
770,0.027211403969209264,0.12573854063986048,1256
771,0.02566701979674773,0.12094497253616722,1256
772,0.04687453123521466,0.123671603156165,1256
773,0.040215309581024816,0.12294776799222505,1256
774,0.031420274082772474,0.12172460790809042,1256
775,0.05044270524572019,0.12668635321954042,1256
776,0.03707748976922275,0.12128111631864688,1256
777,0.024833939328393853,0.11882464765767058,1256
778,0.03358884984721206,0.11677171586365326,1256
779,0.03948876177513174,0.11407107222190116,1256
780,0.03533000722274299,0.11863877273571706,1256
781,0.029777153338072848,0.12350651374918754,1256
782,0.027172471314594944,0.1267341720876379,1256
783,0.022652754584901444,0.12585464612873853,1256
784,0.021371329549464864,0.12539730252996847,1256
785,0.03046441005395766,0.12854217936333942,1256
786,0.04239343391189382,0.12832776984088928,1256
787,0.02876367405956701,0.12513485253693907,1256
788,0.03021612164063991,0.12147637189982911,1256
789,0.023402828205565145,0.11934271432904185,1256
790,0.033302676734946975,0.12238973583611502,1256
791,0.027963916242775944,0.12043504720911116,1256
792,0.031160388664720304,0.12559209996847875,1256
793,0.027053199930930576,0.12408667893225675,1256
794,0.02860609190832916,0.12133957287409697,1256
795,0.03404339974908748,0.12709533755321054,1256
796,0.035105575907267705,0.12420226591034138,1256
797,0.0432198945161944,0.1270693095084309,1256
798,0.03413898335000414,0.12263887511681998,1256
799,0.03818744919993729,0.11759154307179052,1256
800,0.02309547258518722,0.11881565231697502,2506
801,0.028328606372409297,0.13085443019896864,2506
802,0.025446942016985424,0.12034091452198169,2506
803,0.034737216913460676,0.11721547677289275,2506
804,0.035063771702715,0.11880228142816314,2506
805,0.030727286973929208,0.12083321271673875,2506
806,0.03169209658435036,0.11898576265560182,2506
807,0.02613972894444873,0.1261446749036969,2506
808,0.02876405088401146,0.12321400931786283,2506
809,0.028592911954667025,0.11596676982641795,2506
810,0.020477762447099392,0.12433665240989514,2506
811,0.03981314035194345,0.12144415939851115,2506
812,0.03025091393836645,0.11809016312946707,2506
813,0.03152429834981168,0.11508711010367871,2506
814,0.02980420551847453,0.11819723802453112,2506
815,0.028203474180983425,0.12414056582067286,2506
816,0.025323902506319437,0.11811583589698127,2506
817,0.024700629060913058,0.12467224408927911,2506
818,0.0237971286865094,0.12424808854049706,2506
819,0.01980623407851349,0.12026721401148228,2506
820,0.023029780614098022,0.1230723623104158,2506
821,0.02179050933062803,0.12087118243222578,2506
822,0.01966681481384772,0.12033639495931789,2506
823,0.02491878063655732,0.12566381188283418,2506
824,0.03381561950113109,0.115539110922698,2506
825,0.031218959313475927,0.12205454635542051,2506
826,0.031545084591825964,0.1145438419755768,2506
827,0.02479689001553982,0.12452270607552277,2506
828,0.028504685276805986,0.1199826970583239,2506
829,0.021737651017069055,0.11882800906962347,2506
830,0.026750926099414513,0.11878136206330102,2506
831,0.02502161194364366,0.12336375241257995,2506
832,0.023567199101622277,0.12547523751920672,2506
833,0.03162164078104235,0.12024409338244528,2506
834,0.02975219002597279,0.12316201631744732,2506
835,0.027099153458463764,0.11489336415550465,2506
836,0.029930050807189214,0.12082044851134031,2506
837,0.023837521824627745,0.12190329812073783,2506
838,0.02035493167162344,0.12186378191314401,2506
839,0.028698287115608057,0.12474522749951332,2506
840,0.02545280361240271,0.11756691272344544,2506
841,0.027867889837006096,0.11841678260334591,2506
842,0.03112027255627931,0.12771676964777826,2506
843,0.021722244155596575,0.12232689187638694,2506
844,0.03450431224290327,0.12064874215444582,2506
845,0.023734319697597674,0.11889578834841268,2506
846,0.02766959408697175,0.12513075994605286,2506
847,0.029440131288405853,0.12278961569635835,2506
848,0.02786752568734598,0.11845167093462342,2506
849,0.020609902766802083,0.11359528969328422,2506
850,0.03165256828572676,0.12093507797021767,2506
851,0.031022249869908838,0.1211468551223602,2506
852,0.031915992484314246,0.12718004306021052,2506
853,0.027371070355115865,0.12033090727247854,2506
854,0.01951380155573325,0.12364496204556356,2506
855,0.02888380301753912,0.1265706472136145,2506
856,0.02854957565669525,0.1267042760547443,2506
857,0.033620127484267806,0.12132854052329621,2506
858,0.028156532472291832,0.1229812710407739,2506
859,0.03727313944353091,0.12153600250899495,2506
860,0.02977053679931308,0.11907460293187976,2506
861,0.02995544575946882,0.12143121569731251,2506
862,0.02924056711449577,0.11859387328742314,2506
863,0.018877738937498396,0.11459037934322719,2506
864,0.019303322351264487,0.12119691871492003,2506
865,0.020014617187855157,0.12256807194366294,2506
866,0.02563125112410812,0.12498768222344524,2506
867,0.029099637001491215,0.1214733049086276,2506
868,0.022370993102031313,0.1183181816020801,2506
869,0.031094083954870684,0.12078820086976066,2506
870,0.027543583123632177,0.12255001386059583,2506
871,0.022536497221173405,0.12169347225773156,2506
872,0.018922103786183184,0.12163035423839576,2506
873,0.02119594472919266,0.1265961246591327,2506
874,0.024055759210327026,0.11935029867065731,2506
875,0.02544946862465848,0.11665253793139979,2506
876,0.026779868451462286,0.12246123161474473,2506
877,0.029240618943973083,0.11788832110883231,2506
878,0.030463921497771725,0.12228322721300613,2506
879,0.02931579112775908,0.11934007157610768,2506
880,0.02676730108407893,0.12761795860612427,2506
881,0.03255584267026035,0.11976349456287748,2506
882,0.03014660983078576,0.12304068329852286,2506
883,0.039732605638444045,0.12745739286640972,2506
884,0.042287041152659216,0.11675134218806921,2506
885,0.031052023522641716,0.12017562479715249,2506
886,0.029764922806674334,0.11840317604794433,2506
887,0.019711271330946592,0.11985083956409817,2506
888,0.021352957802326836,0.11930502892765295,2506
889,0.029053687103208336,0.11660004396981548,2506
890,0.02906901902656672,0.11740958235548503,2506
891,0.026086022069838382,0.11771118893562815,2506
892,0.02930162522828729,0.12322149349052611,2506
893,0.02756687551008878,0.12325117098096594,2506
894,0.022093654369046332,0.11853979134049725,2506
895,0.039052499400803894,0.12152065801260854,2506
896,0.032443470319114646,0.11565685802130132,2506
897,0.030150506694673132,0.12619168742237563,2506
898,0.026359736719511067,0.11562061520510739,2506
899,0.030254583035623023,0.12598172531625926,2506
900,0.014592920299282015,0.11994829533202361,4999
901,0.02000777903204764,0.11956293424385407,4999
902,0.02913690362631612,0.12235944260316457,4999
903,0.01803151785207423,0.11983423086631642,4999
904,0.0225479223698265,0.1177076127252012,4999
905,0.019545688701493324,0.11955196958951769,4999
906,0.01892350235858015,0.11920861888588438,4999
907,0.019091888639380477,0.11911024174808689,4999
908,0.018668684138940902,0.11828557289405757,4999
909,0.013459591120355224,0.11999480876240788,4999
910,0.01502414950189126,0.12379789155387305,4999
911,0.019952426110639434,0.12203080279038775,4999
912,0.0246598001661519,0.12198759584496612,4999
913,0.01628545715061345,0.11984065161874934,4999
914,0.019389276968279537,0.11769379170551479,4999
915,0.017974527444251823,0.11618192933063086,4999
916,0.01991672258939797,0.11991629156856799,4999
917,0.020691339744262707,0.11850588340167995,4999
918,0.015653091813288965,0.11882975810493815,4999
919,0.016550780988974525,0.11783744246740102,4999
920,0.01767422750736877,0.11692475816879866,4999
921,0.017586190093800625,0.1233709272386682,4999
922,0.019174643639313302,0.1188997657027951,4999
923,0.018031215397431365,0.1198504394698121,4999
924,0.019347645170152108,0.11727970675648039,4999
925,0.01817090096759486,0.12105710871264781,4999
926,0.019716999138588938,0.12250455158997983,4999
927,0.019843775554196915,0.12007978036607467,4999
928,0.019033147661618906,0.1172822424802092,4999
929,0.023171361604481584,0.11950262418023336,4999
930,0.020189120695836164,0.12008240220309052,4999
931,0.019502699404130148,0.118946309643737,4999
932,0.023729378955022636,0.11895481949897731,4999
933,0.023384850204120892,0.11875900572591454,4999
934,0.02115280414858243,0.12280559800947473,4999
935,0.014118841709722538,0.12009573920218825,4999
936,0.022300094558468198,0.11768827126407315,4999
937,0.0276284529447264,0.11906886123101874,4999
938,0.026839643114076724,0.11774785553713124,4999
939,0.01477320188166494,0.11572504316855976,4999
940,0.022603313293135564,0.11833965131331943,4999
941,0.018696375949169418,0.12237238577757513,4999
942,0.01626713906218935,0.11662847011394611,4999
943,0.02181410416108201,0.1193532147313108,4999
944,0.02246462961316674,0.11615828373534788,4999
945,0.021682737291745528,0.12207510180038134,4999
946,0.022113213759826663,0.11850235686452638,4999
947,0.015424539801632144,0.12145364549023417,4999
948,0.019781015158362156,0.11645295828067394,4999
949,0.013632448363822063,0.12167927902600852,4999
950,0.020114614266834942,0.11988935325752892,4999
951,0.026564296403317773,0.11981664250013756,4999
952,0.021256390502610075,0.12204414465754501,4999
953,0.019502718818735654,0.11685422677848564,4999
954,0.017433560847888552,0.11705766997380114,4999
955,0.021934544965423842,0.12111356979935611,4999
956,0.016378627245260166,0.12010522536111194,4999
957,0.018611488751830954,0.12273517657471288,4999
958,0.019791931182764323,0.11951587500122746,4999
959,0.013544165273548276,0.11949954459842793,4999
960,0.0186062741972382,0.1156850310929126,4999
961,0.01890986414245773,0.1185808350704341,4999
962,0.020551586632912327,0.12169551897200465,4999
963,0.023321537647824537,0.11959674719825752,4999
964,0.014969564405707606,0.12172784142270178,4999
965,0.023682004595082025,0.12235213234114921,4999
966,0.020868973006463117,0.11861577557491189,4999
967,0.014349710672734635,0.12070465661479521,4999
968,0.02215391421206285,0.11401081179990326,4999
969,0.0170925942733704,0.11965847989086291,4999
970,0.020060798531386606,0.12077600142325308,4999
971,0.01994599055930888,0.11315235399386879,4999
972,0.017010589442083602,0.12016756081794085,4999
973,0.01785659876696139,0.12220312457445107,4999
974,0.020590981933192656,0.12602044120751352,4999
975,0.018187272320358015,0.12060854126889319,4999
976,0.019661769577015053,0.12079748210005346,4999
977,0.018499087562624715,0.11725406510893473,4999
978,0.01607415939007124,0.1197796137222829,4999
979,0.01258895112732241,0.11753441059511806,4999
980,0.01871832079847894,0.11903732610336028,4999
981,0.015525123379648129,0.11792109585181262,4999
982,0.015327526439580706,0.11905510899085077,4999
983,0.019601404140545165,0.1234927898033803,4999
984,0.019595967318636578,0.12356132358622322,4999
985,0.028061251819678112,0.1183884225243954,4999
986,0.017016812414503084,0.11707229407213399,4999
987,0.015631810001575017,0.12018769537607357,4999
988,0.025119867461177958,0.11949622598923258,4999
989,0.021405178002950758,0.1212588987602911,4999
990,0.020826791196015926,0.119490119785693,4999
991,0.02126666815815171,0.11642310953230829,4999
992,0.01952978340174219,0.11815298007898029,4999
993,0.018399216265076495,0.11895441478040769,4999
994,0.01587200786938539,0.11895883295930626,4999
995,0.02355987379310046,0.12240245724207112,4999
996,0.018279012531148702,0.11504689654755386,4999
997,0.018297591456375627,0.11875435688301916,4999
998,0.025422367568225888,0.1178102439784109,4999
999,0.022291158407684045,0.11898776039660686,4999
